doc_id,text,time_period,avg_year,year_start,year_end,translation_ru,translation_en_1,translation_en_2
Берестяная грамота 1000,ѿ къѧса ї ѿ жироцька къ твьрдѧте ї къ їванѹ  стова ти есве,XIIc. 2 h.,1150,1140,1160, От Кыяса и Жирочка Твердяте и Ивану. У нас (двоих) всё в порядке. ,[...] , From Kyas and from Žiročko to Tverdjata and to Ivan. We are both fine. 
Берестяная грамота 1001,…а семоке алѧ по[с]леде не жѧлѹӏта оже ва  продаженике поӏде,XIIc. 2 h.,1150,1140,1160," …Семке. А иначе вы (двое) потом не жалуйтесь, если к вам явится продажник (т. е. судебный исполнитель, взимающий штрафы). ",[...] ,[...] 
Берестяная грамота 1002,…  на чьлѧди [вь]вьричь не [п]лат[и]л[е]  е: на дьсѧте гривьно ѧ нꙑньково ѧли по кѹнь на ньдьлѹ а нꙑнꙑ …,XIIc. 2 h.,1150,1140,1160, … За челядь он не заплатил денег пятнадцать гривен. А теперь взяли по куне на неделю. А теперь …. ,[...] ,[...] 
Берестяная грамота 1003,… (оспо)жино дене лѹбо  … (во) (т)омо ти -[е]…,XIIc. 2 h.,1150,1140,1160," … Госпожин день, либо…. ",[...] ,[...] 
Берестяная грамота 1004,+ ѿ лѹкꙑ къ ѿтьцеви то ти не въдало наїмить їже то  мѧ везе:ль на кожахъ вевѣрице а продалъ ти есемо  емѹ на ѕ҃сти ногатъ сковородъ то ти пълънѣ в҃е а ӏдеть  ти во лодие съ товаромо воземи же ꙋ него в҃е гривене али ти сѧ їзмотаеть а моловиво емѹ пѹсти же ї во три  + ѿ лѹ  а то гоїмере а  ӏже то чьрени[г]ове [ӏ] со женою  не поменю їмѧ  а се ти ї҃ ре ьзано  со берестомо,XIIc. 2 h.,1150,1140,1160," От Луки к отцу. Вот не отдал работник, который меня вез, денег за кожи, да я продал ему на шесть ногат сковород — итого полных две [гривны]. А он идет в ладье с товаром. Возьми же у него две гривны. А если отвертится, то объявив ему [об этом], введи его [в долг] в три [гривны]. {Приписка на обороте:} А это Гоймер. Ну который в Чернигове, с женой — не помню имя. {Вторая приписка:} И вот 10 резан с [этим] берестяным письмом. ",[...] ," [Front] + From Luka to father. The hired man who brought me didn't give the money for the hides. And I sold him 6 nogatas' worth of pans; that's a full 2 (grivnas). And he is going (to Novgorod) on the boat with the goods. Take the 2 grivnas from him. If he dithers, then, having given him notice, let him go (into debt) for three (grivnas). [Back] (a) + From Lu (b) And this is Goimer—the one in Černigov—with (his) wife; I don't remember (her) name. (c) And here are 10 rezanas with the letter "
Берестяная грамота 1005,× ѿ лѹкѣ покланѧн[и](е ко оть)цьви то ти вино съ лѹк[о вь]з[л]а  в҃: а стьклѧниць ти л҃те а сама ти сѣдивь на лѹках[о] …  - - - - -осогорꙋ п[р]осѧ по пѧ‐  на] дьсѧте кꙋнъ а изꙋмѣласѧ есвѣ ѿ бьрьковьск[а] [а] во[ло](ч)[а](н)[о] -҃ …,XIIc. 2 h.,1150,1140,1160, От Луки поклон отцу. Вот вино из Великих Лук повезли двое. А стеклянных бокалов 30. А мы (двое) сами сидим в Великих Луках… {На обороте:} [А по] Косогору (т. е. за перевоз по Косогору) просят по пятнадцати кун от берковца — мы (двое) изумились! А жителей волока (?) … ,[...] ,[...] 
Берестяная грамота 1006,× ѿ лѹкь грамота ко ѿтечьви то ти товозо  во осмь на десѧть кѹно ӏ в҃ гривенѣ ӏ со провозомо  а семѹ водаї осмь ногато,XIIc. 2 h.,1150,1140,1160," От Луки к отцу. Вот это груз на две гривны восемнадцать кун, и с провозом. {Приписка на обороте:} А этому (то есть подателю сего) дай восемь ногат. ",[...] ," [Front] × From Luka, a letter to father. Here's the cartload at eighteen kunas and 2 grivnas, including transport costs. [Back] And give this (man) eight nogatas. "
Берестяная грамота 1007,ѿ сновида грамота къ сѹлѧтѣ ѿшелѣ ти есме [о] …  седьла стрѣ{ь}лъ скорене ѹздѣ оти пътаеть кѹл …,XIIc. 2 h.,1150,1140,1160," От Сновида грамота к Суляте. Мы уехали … {После разрыва:} … сёдла, стрелы, сапоги, узды. Пусть спросит Кул[отка] (?) (или: Кул[отку]) …. ",[...] ,[...] 
Берестяная грамота 1008,отъ с[л]…,XIIc. 2 h.,1150,1140,1160,[...] ,[...] ,[...] 
Берестяная грамота 1009,(ѿ) [лѫкꙑ и] отъ иванна къ сновидꙋ сторова{а} ти есвѣ ꙋже ти сѧ есвѣ под[ъ](п)р[од]ала а товара ти есвѣ  грьчьскаго не кꙋпила а товарьча напꙑтаи заморьскаго,XIIc. 2 h.,1150,1140,1160," От Луки и Ивана (Иванна) к Сновиду. У нас (двоих) всё в порядке. Мы уже [свое] подраспродали, а греческого товара не купили. Так что приищи заморского товарца. ",[...] , [From] Luka and from Ivan to Snovid. We are both fine. We've already sold (everything). We didn't buy (any) Greek merchandise. Try to get a little overseas merchandise. 
Берестяная грамота 1010,…а даи  … тобѣ  …[и]де[ш]и,XIIc. 2 h.,1150,1140,1160,[...] ,[...] ,[...] 
Берестяная грамота 1011,(на) [иг]олахо поло пѧте резанѣ на ножѧхо пол …  [дьвѧ]тѣ кѹнѣ на ожерьлиѧхо поло шесть [к] …,XIIc. 2 h.,1150,1140,1160,[...] ,[...] ,[...] 
Берестяная грамота 1012,(ѿ … покланѧ)[н]ие [:] к отьцеви сторово ти есм[ь ] а товар …  …ъ а сам[ъ] ти ногатѣ коплꙋ [вꙑ]мьток … Для следующей строки возможна ненадежная реконструкция:  … [:] (а) [къи] н[и е] …  ко сновидо[ви] а самь ти грьц[ь]ника жидѹ,XIIc. 2 h.,1150,1140,1160," [От Луки (?)] поклон отцу. У меня всё в порядке. А товар … А сам коплю ногаты — выгрузку … какой ни на есть (?). {На обороте:} … к Сновиду, а сам-то я жду гречника. ",[...] ," '[From Luka?] a bow to father. I am fine (…)', and in the text on the back of the letter where the beginning is missing, '[…] to Snovid. And I myself am waiting for the grečniki merchants.' "
Берестяная грамота 1013,борисова ои҃ кѹно а ѳ[ь] - -(…),XIIc. 2 h.,1150,1140,1160," Борисовы 8 кун; {далее либо} а 9 …, {либо} а Федоровы …. ",[...] ,[...] 
Берестяная грамота 1014,… [и]мь ти отъ зѹ [ос]м[ию на] д[е] …  (ко)[у]н[ахъ] а идеши къ соли а та …  …тъгꙑдъ… …,XIIc. 2 h.,1150,1140,1160," а если ты пойдешь к Соли, то … ",[...] ,[...] 
Берестяная грамота 1015,ѧк[ъ]ша с[ол]-мирцѹ а кѹплено ти по цетꙑри кѹн-,XIIc. 2 h.,1150,1140,1160, … Якша Сольмирцу. А куплено по четыре куны. ,[...] ,[...] 
Берестяная грамота 1045,+ ѿ лѹкѣ и ѿ микѹлѣ : къ сновидѹ не кѹпила ти есевь ницегоже заволъцескаѧ бела :и҃: гривенъ : а възди на весть : какѹ любо во бъръзѣ ѫже бꙑховь дома : нъ роспѹтие : и челѹю вꙑ : домъкѣ [·д·ӏ·] кѹн[е] вꙑправить вевьриц : и семи гривенъ савь гюровицю присѹнить до мене : творить сѧ вонемъшши  ѿ л,XIIc. 2 h.,1150,1140,1160," От Луки и от Микулы к Сновиду. Мы (двое) не купили ничего: заволочская белка (беличья пушнина) — 8 гривен. А ты дай нам (двоим) какую-нибудь весть поскорее. Мы бы уже были дома, да распутица! И приветствую вас. Домке отдайте денег ({добавлено над строкой:} 14 кун) из семи гривен для Саввы Гюровича. Подсуньте до моего приезда, скажите, что вы участвуете [в деле]. ",[...] ," [Front] + From Luka and from Mikula to Snovid. The two of us haven't bought anything: the squirrel skins from the Zavoloč'e region (were) 8 grivnas. And give us both some news as soon as possible. We would have been at home, but the roads! And I greet you all. Send the money off to Domka 14 kunas out of the seven grivnas for Sava Gjurovič. Have it done before I get back, say that you're involved (in the matter). [Back] From L "
Берестяная грамота 1046,[+] отъ ѹеца к[ъ] ………………………………………..  ………………съ………………………за- -уфо…………  о…………………лив[е]………… -езмѣнъ ати - - - -  -аюв…………туив[и]…………[о]ни бра своего понеже- …………жи[в]……………………рати ѹ мене  буд[е] ………[ти]бꙑ …………на  …мъи …  …али …  … моем…  …оми …  …о[и]…  …[ж]…,XIIc. 2 h.,1150,1140,1160,[...] ,[...] ,[...] 
Берестяная грамота 1047,+ ѿ дъмъка : къ сновидови попътаи ѹѥча ѥ ли тѹ  мои дълъженикъ : али ти ѥстѣ тѹ а възѣми на нѣмѣ  дъвѣ гривенѣ : али ти ѥго нѣ тѹ : а тако зе ми възъдаи,XIIc. 1 h.,1110,1100,1120," От Домка к Сновиду. Поищи Уйца: тут ли [этот] мой должник? Если он тут, возьми с него две гривны. Если его тут нет, то так мне и дай [знать] (т. е. сообщи об этом). ",[...] ,[...] 
Берестяная грамота 1048,…авъка грамо…  …и братиѧ ми с-…,XIIc. 1 h.,1110,1100,1120,[...] ,[...] ,[...] 
Берестяная грамота 1049,…нъ ти отъда[мь] а …  …бѹди а словѧто крьни ми  …брѣ :в҃: кѹн[е] а,XIIc. 1 h.,1110,1100,1120, … тебе отдам; а через Словяту купи мне; 2 куны. ,[...] ,[...] 
Берестяная грамота 1050,о словѧтѣ грамота къ гюрьцеви вꙑведъ отрокъ  на микѹлѹ и на лѣшѧнъ възьми полъ питѣ  грв҃нѣ славомире сьде не въда а есте прави а  вꙑведете отрокъ на славомиръ,XIIc. 1 h.,1110,1100,1120," От Словяты грамота к Гюрцу. Выведя (т. е. вызвав) отрока на Микулу и на лесных жителей ({менее вероятно:} на Лешана), возьми четыре с половиной гривны: Славомир здесь не дает. А если вы [Микула и лесные жители] правы, вы выведете (вызовете) отрока на Славомира ",[...] ,[...] 
Берестяная грамота 1056,(д)анилово л(ѹкъшько) [или  (а) петрило ши(ле)  л,XIc. 2 h.,1087,1075,1100," [Д]анилово л[укошко, a] Петрило шил ",[...] , Danilo's [basket]. [And] Petrilo wove (this) 
Берестяная грамота 1062,…ть [и] д[о] д[рож]…  а нꙑнѣ на недѣлю хо[ч]емъ поити · н…,XIIc. 1 h.,1130,1120,1140, А теперь в воскресенье хотим пойти…. ,[...] ,[...] 
Берестяная грамота 1087,+ ѿлькъшь къ дьмьѧнъкѹ какъ тꙑ за мъною творишь кѹн[о](у) …  за вънѹхъцью ти : ѳ : кѹнъ показаль ти данило ем…  възьми жь на нь въ трьть а ѧзъ ти с[ъ з]--[на]…  внь дъвь гривнѣ а вънѹхъцѧ бьжѧл…  ѧвлѧѧсѧ,XIIc. 2 h.,1150,1140,1160," От Олекши к Демьянку. Так как ты считаешь, что за мной куна (и столько-то гривен), а за внучком [моим] 9 кун — [так] показал Данило, — то бе(ри?) … ({вероятный общий смысл:} весь этот долг с меня); возьми же на него (внучка) в треть (= возьми сумму долга, приходящуюся на внучка, по ставке в 33%, то есть с увеличением на треть). А я … ({вероятный общий смысл:} выплачу) две гривны. А внучек бежал … ({возможно:} туда-то, ко мне не) являясь [{вариант:} (нигде не объ)являясь]. ",[...] ,[...] 
Берестяная грамота 109,грамота : ѡтъ жизномира : къ микѹле :  кѹпилъ еси : робѹ : плъскове : а нꙑне мѧ :  въ томъ : ѧла кънѧгꙑни : а нꙑне сѧ дрѹжина по мѧ порѹчила : а нꙑнека : посъли къ томѹ : мѹжеви : грамотѹ : ели  ѹ него роба : а се ти хочѹ : коне кѹпивъ и кънѧжъ мѹжъ въсадивъ : та на съводꙑ а тꙑ атче еси не възалъ кѹнъ :  техъ : а не емли : ничътоже ѹ него :,XIIc. 1 h.,1110,1100,1120," Грамота от Жизномира к Микуле. Ты купил рабыню во Пскове, и вот меня за это схватила (подразумевается: уличая в краже) княгиня. А потом за меня поручилась дружина. Так что пошли к тому мужу грамоту, если рабыня у него. А я вот хочу, коней купив и посадив [на коня] (или: снарядив) княжеского мужа, [идти] на очные ставки. А ты, если [еще] не взял тех денег, не бери у него ничего. "," Letter from Zhiznomir to Mikula. You bought a female slave in Pskov; and for that the princess detained me (suspecting me of theft). But the druzhina (prince's retainers) became my bondsmen. And now, you [should] send that man (the buyer) a letter: [find out] if he has the female slave (or: has he a female slave)? And now, after buying a horse [or: horses] and mounting a prince's man [on the horse], I want to go to court. And, if you [still] have not taken the money, do not take any from him. "," A letter from Žiznomir to Mikula. You bought a slave-woman in Pskov. Now the princess (i.e., the Pskovian prince's wife) has arrested me in that (matter), and (my) companions have gone surety for me. So now send a letter to that man: does he have the slave-woman? And here is what I will do: after buying horses and mounting one of the prince's men, then on to the hearing. And you, if you haven't collected that money, don't take anything from him. "
Берестяная грамота 1112,…  все…  сѧ кто пьри а съць[тъ о]…  въ треть до мене : ѹ домаслав-ѧ : …,XIIc. 2 h.,1150,1140,1160," если кто-то запирается, то, сосчитав, оставь за ним долг в треть до моего приезда. ",[...] ,[...] 
Берестяная грамота 1114,…  … (·)[з](·) на ·ӏ·[сть л]ѹ[к]ън(ъ)  жицемъ на сѹкънѣхъ  а жеребъка не продаите,XIIc. 1 h.,1130,1120,1140," … (заплатите) ячменьком 17 лукон за сукна, а жеребчика не продавайте. ",[...] ,[...] 
Берестяная грамота 1115,сьдославе присълале,XIIc. 1 h.,1130,1120,1140, Сдослав прислал ,[...] ,[...] 
Берестяная грамота 1116,… къ новидѹ продаже то ти в(ъ) …  … не даи же скота никомѹ[ж](е) …  …же то ти въ въръвонѣ-- …,XIIc. 1 h.,1130,1120,1140, От Х-а к Y-у. Сукно продай Сновиду — там сукна на (такую-то сумму). Денег никому не отдавай. А тюленьи кожи продай Z-у — там тюленьих кож на (такую-то сумму) ,[...] ,[...] 
Берестяная грамота 1120,… [н]а къ или не съли отро{ӏ}ка шъле …  … лони товаръ[ц]а [възло]жити на [мѧ] … …,XIIc. 1 h.,1130,1120,1140, От …на к Илье. Не посылай отрока: (я?) пошел … … погрузить товарец на … ,[...] ,[...] 
Берестяная грамота 1121,…  … [ : и ѧ]з[ъ] крале бебрꙑ про дан[ь] и : грн҃ве  въ беб[ръ]хъ а се крали [к] : мѣ[х]ъ ѫ мило‐  --- --мъ тать въ… …(грв)[н҃ѹ],XIIc. 1 h.,1130,1120,1140, …и я украл бобров (про дань — 8 гривен в бобровых шкурах). А вот украли 20 шкур у Мило… … сам вор … ,[...] ,[...] 
Берестяная грамота 1135,+ розметъ ~,XIIc. 2 h.,1150,1140,1160, Раскладка податей. ,[...] ,[...] 
Берестяная грамота 1139,отъ къснѧтина къ пькѣ : се въдале еси гюрѧтѣ : е҃ : сорочькъ  а гюрѧта ѹ мене възѧле : е҃ : сороцькъ а възьми тамо ѹ гюрѧтѣ тꙑ а ѧзъ хоцю ѹ тебе възѧти,XIIc. 1 h.,1110,1100,1120," От Коснятина к Пёке. Ты дал Гюряте 5 сорочков, а у меня Гюрята взял 5 сорочков. А возьми там ты [вcю cумму] у Гюряты, а я возьму у тебя. ",[...] ,[...] 
Берестяная грамота 1141,г : вѣкошь,XIIc. 1 h.,1110,1100,1120, 3 векши. ,[...] ,[...] 
Берестяная грамота 119,отъ рознѣга въдале есмь гюрьгевицѹ без девѧти кѹнъ :в҃: гривьнѣ възьмъши въдаже прочь людьмъ,XIIc. 1 h.,1130,1120,1140, От Рознега. Я дал Гюргевичу без девяти кун две гривны. Возьми и раздай людям. ," From Rozneg. I gave Giurgevich 2 grivnas without 9 kunas. Taking [this money], he will give them out to the people. ",[...] 
Берестяная грамота 120,ѿ ѧкима къ нестьруо  въдаи вѣкъшуо,XIIc. 1 h.,1110,1100,1120, От Якима к Нестеру. Дай векшу. , From Iakim to Nestor. Give the veksha (money). ,[...] 
Берестяная грамота 121,…хѹ на сѹдила ти…  [и  ·з·ӏ·] …  въдадѧть ти ю до…,XIIc. 1 h.,1110,1100,1120,[...] ,[...] ,[...] 
Берестяная грамота 123,(+) (г)рамота (·) ѿ чр… (къ)  …дѧтѣ [ꙋ] ко[г](о ти)…  … [а] повѣ(ж)ь ми …  … (ѧ)зъ вѣд[а]ю а [п](рисъли къ)  … (мъ)нѣ грамотꙋ …  …[н]е [п]ьс[ъ],XIc. 2 h.,1062,1050,1075," Грамота от Чр… к …дяте. Сообщи мне, у кого [деньги, товар]…, а я за это отвечаю. Пришли мне грамоту. А …н писал.",[...] ,[...] 
Берестяная грамота 156,"отъ завида къ мън къ женѣ и къ  дѣтьмъ а женѹ ти били не измѹчили  чего же  Кроме того, между строк (над къ мън в 1-й строке и над женѹ во 2-й) вписано (более мелко): къ лѹкѣ  иди",XIIc. 2 h.,1150,1140,1160," 'От Завида к жене и к детям. А вот женщину-то (или: жену-то) били, почему же не поставили [ее] на пытку? (или: почему же не замучили?)'. {Приписка:} 'К Луке иди'. ",[...] ,[...] 
Берестяная грамота 158,…ну п[е]тровицъ,XIIc. 2 h.,1150,1140,1160,[...] ,[...] ,[...] 
Берестяная грамота 160,ѿ василѧ къ ростих[ѫ] продаите половъи конь а ризьи кърините  въ [х]лѣвъ а бѫ{ръ}ръи напишите нарѧдите же мѫжь въложите  же :д҃: рзнѣ,XIIc. 2 h.,1150,1140,1160," От Василя к Ростиху. Продайте полового коня, а рыжего купите в конюшню, а бурого запишите {(по-видимому, в какую-то опись)}. Отрядите человека, отправьте с ним 4 резаны. "," From Vasilii to Rostikh. Sell the light yellow stallion; and the chestnut [color one] buy into the stable; and the brown write down (apparently, into some sort of a list). Equip a man, and send with him 4 rezanas. ",[...] 
Берестяная грамота 164,(ѿ) …жимира гра[м](ота) …  … (ко)невꙑхъ кѹ(н)…  …ти кѹнѣ въ…,XIIc. 1 h.,1130,1120,1140,[...] , (From Domozhir?) a letter… … stallion money (?) (or: money for stallion(s)(?))… … kuna (or: money(?)) … ,[...] 
Берестяная грамота 168,… [о]у дъмитра пълъ :а҃:ї҃: гривень ѹ радъка :[в҃](: г)р(и)[в](ен)[е]  … …[ъка] [грв҃]н[а] а по нъгат[е] (н)[а]  …,XIIc. 2 h.,1150,1140,1160,[...] , … Dmitr owes 10½ grivnas. Radko owes 2 grivnas…. … Kostich owes at a nogata … ,[...] 
Берестяная грамота 175,…[ла-ꙑ воземꙋ] - - - - [къ] неделе а тобе сѧ кланѧю,XIIc. 2 h.,1150,1140,1160, возьму… к воскресенью. А я тебе кланяюсь.,[...] ,[...] 
Берестяная грамота 176,…  по полѹ ц[етѣ рѣзн](ѣ) [д](а пѹ)стисѧ в бъръзѣ домови,XIIc. 2 h.,1150,1140,1160,[...] ,[...] ,[...] 
Берестяная грамота 181,грамота ѿ дробьна къ [мѣ]… … (гора)здо вьз[ьми] …,XIc. 2 h.,1062,1050,1075,[...] ,[...] ,[...] 
Берестяная грамота 232,… (в)озьми а ѧзо [среб](р)- …  …номо орат·и · и цѧстꙑ…  … (по)[де]рнити а оже хоцет- …  …ца,XIIc. 2 h.,1150,1140,1160,[...] ,[...] ,[...] 
Берестяная грамота 234,(…)  ѫ люта [·ӏ҃·] отъ фолар- [ѿ] мерьтова ѫ люта,XIIc. 2 h.,1150,1140,1160,[...] ,[...] ,[...] 
Берестяная грамота 238,…  несъдицеви полъ пѧтѣ рѣза[нѣ : а] (мъ)нѣ еси  въдале дъвѣ кѹнѣ цьто же за м[ъ](но)[ю] твориши  [за] мъною осмь кѹнъ и гривьна : поиди же въ горо(дъ) [мо]гѹ сѧ съ тобою ѧти на водѹ,XIIc. 1 h.,1110,1100,1120," … [Ты дал (?)] Несдичу четыре с половиной резаны, а [мне] ты дал две куны. Что же ты утверждаешь, будто за мной восемь кун и гривна? Пойди же в город — могу вызваться с тобой на испытание водой. ", … [You gave (?)] Nesdich 4 ½ rezanas and you gave [me] 2 kunas. Why do you insist that I owe 8 kunas and a grivna? Go to town―I can bring an ordeal by water against you. ,[...] 
Берестяная грамота 241,ѿ къснѧтина къ жьданѫ запла[ти]  стьпаньцю к[ъ] ро[жеств]ѫ н[е] з[апла]тиши а на отроке [о] д[ъ]во[е] то[го]  бѫди,XIIc. 1 h.,1110,1100,1120," От Коснятина к Ждану. Заплати Степанцу к Рождеству. Не заплатишь — [потеря] на отроке (т. е. при взыскании долга через отрока) раза в два больше, пожалуй, будет. "," From Kosniatin to Zhdan. Pay Stepan by Christmas. If you don't pay ─ your loss from the court official's (otrok) [visit], presumably, will be twice the amount. "," From Kosnjatin to Ždan. Pay Stepanec before Christmas. If you don't pay (by then), it will be double that amount (that you'll spend) on the official (sent to enforce the debt-collection). "
Берестяная грамота 245,… [сѹкъ]на моѧ за то[бою] …  … (чь)р[ь]мьно : вельми добро ·з҃· [л]ок[ъ](тъ) …,XIc. 2 h.,1087,1075,1100," Сукна мои за тобой: красное, очень хорошее — 7 аршин, {такое-то — столько-то, такое-то — столько-то}. "," … mine [is] behind you (i.e., I owe you), red cloth, very fine, 7 arshina … ",[...] 
Берестяная грамота 246,ѿ жировита къ стоѧнови како тꙑ ѹ мене  и чьстьное дрѣво възъмъ и вевериць ми не  присълеши то девѧтое лето а не присълеши  ми полѹ пѧтꙑ гривьнꙑ а хоцѹ ти вꙑрѹти  въ тѧ лѹцьшаго новъгорожѧнина посъли же  добръмь,XIc. 1 h.,1037,1025,1050," От Жировита к Стояну. С тех пор, как ты поклялся мне на кресте (или: взял крест) и не присылаешь мне денег, идет девятый год. Если же не пришлешь мне четырех с половиной гривен, то я собираюсь за твою вину конфисковать товар у знатнейшего новгородца. Пошли же добром. "," From Zhirovit to Stoian. It is the ninth year since you swore on the cross (or: took the cross) and have not sent me the money. If you do not send me 4½ grivnas, I will confiscate merchandise of the most distinguished Novgorodian. Please send [it]. "," From Žirovit to Stojan. It is the ninth year since you swore on the Cross in my presence, but you haven't sent me the money. If you don't send me four and a half grivnas, I'll have the property of the most distinguished Novgorodian confiscated on your account. Better send (the money) in a proper way "
Берестяная грамота 247,…  … [п]о[клѣ](п)ает[ь] сего :м҃:ми рѣзанами  а замъке кѣле а двьри кѣлѣ а господарь въ не тѧжѣ не дѣе  а продаи клеветьника того а ѹ сего смьръда въз[ѧти] еп҃ѹ  - - - - - - - - - - - - - - смьрьди побити клеветьник[а] … (…),XIc. 1 h.,1037,1025,1050," … обвиняет этого [человека] в ущербе на 40 резан. А замок цел и двери целы, и хозяин по этому поводу иска не предъявляет. Так что накажи штрафом того обвинителя. А с этого смерда епископ должен получить [такую-то сумму]. {Далее могли стоять слова со значением типа} если же захотят или могут ведь, {после чего читается:} … смерды избить обвинителя … "," … accuses him with a loss of 40 rezanas. And the lock is whole and the doors are whole, and the owner does not seek a court hearing regarding this. Therefore, punish that accuser with a fine. And from this smerd (free peasant) the bishop should receive [such-and-such sum]… … smerds (may or should?) beat the accuser (slanderer)… "," […] accuses this (man) (of theft of property worth) 40 rezanas. But the lock is intact, the door is intact, and the master for that reason is not pursuing damages. So fine that false accuser, and the bishop is to take from this peasant […] (should) the peasants beat the false accuser […]. "
Берестяная грамота 336,ѿ петра гр[а](мот)а · къ влъчькови · то еси тꙑ  повѣдалъ къ рожънѣтови · на нусту[и] емати ·в· срочька · ни векшею не длъжьнъ · а ныне ѹ даньши · заѧлъ есмь ·в҃· ·в҃· срочька въ ·е҃·ть срочькъ · а емли на немь даньша ·,XIIc. 1 h.,1130,1120,1140," Грамота от Петра к Волчку. Это ты сказал Рожнету, что с Нустуя надлежит взять два сорочка. Не должен ни векши (Нустуй). А потом я у Даньши забрал ({или:} занял) два [и] два сорочка в счет ({или:} под отдачу) пяти сорочков. И взимает с него ({вероятно,} Нустуя) пусть Даньша. "," Letter from Petr to Volchka. Was it you who told Rozhnet that from Nustui 2 sorochok are to be collected? He does not owe a veksha (lit. “does not owe a penny”) [to you]. Recently, I borrowed 2 times 2 (or: 2 and 2 [= 4]) sorochok for 5 sorochok from Dan'sha and Dan'sha will collect from him (i.e., from Nustui). ",[...] 
Берестяная грамота 338,…  [захв]а[т]иле ко[с]ношкове … (соро)слосѧ во :з҃: грв҃но :[д҃]: гр҃[в](н)- …,XIIc. 2 h.,1150,1140,1160,[...] ," … accumulated in 7 grivnas, 30 grivnas. ",[...] 
Берестяная грамота 380,…остѧтѣ къ ѧжи съкопивъши вѣверъ…  …[ъ]жи же ѧз[ъ] ти придѹ по великѣ дъ(ни) (… …),XIIc. 2 h.,1150,1140,1160, От Гостяты (?) к Яже. Собери денег [и храни (?)]; а я приду после Пасхи. ," From Gostiata (?) to Iazha. [On] collecting the money, [save it (?)]; and I will come after Easter. … ",[...] 
Берестяная грамота 421,+ ѿ братѧтѣ къ нежилѹ поиди сѹнѹ домовь  свободне еси паки ли не идеши а послѹ н тѧ  ѧбьтьникъ ѧ заплатиль ·к҃· грв҃нъ а тꙑ свбонь,XIIc. 1 h.,1130,1120,1140," От Братяты к Нежилу. Иди, сын, домой — ты свободен. Если же не пойдешь, я пошлю за тобой судебного исполнителя. Я заплатил 20 гривен, и ты свободен. "," From Bratiata to Nezhila. Son, come home – you are free. If you do not come, then I will send a court official (iabetnik) after you. I paid 20 grivnas, so you are free. "," + From Bratjata to Nežil. Go home, son; you are free. If you aren't going, I'll send a court-official (jabetnik) to get you. I paid the 20 grivnas, and you are free. "
Берестяная грамота 422,ѿ мѣ:стѧ:ть : ко га:во:шь : и :  ко : со:ди:ль : по:пꙑ:та:и:та ми : конѧ а : мѣ:стѧ:та : сѧ : ва:ма покланѧ а:же : ва : ць:то : на:до:бь : а солита ко монь : а грамотуо : водаита  а уо павла : скота попроси:та а мь:стѧ,XIIc. 2 h.,1150,1140,1160," От Местяты к Гавше и Сдиле. Поищите для меня коня. А Местята вам (двоим) кланяется. Если вам что нужно, то шлите ко мне, а [посланному] дайте грамоту. А денег попросите у Павла. А Местя[та] … "," From Mestiata to Gavsha and Sdila. Find me a stallion. Mestiata sends you two his regards. If you are in need of something, then send to me a message [with the one who brought the message]. And ask for money from Pavel. And Mestiata (?) … "," From Mestjata to Gavša and to Sdila. Get a horse for me. And Mestjata bows to you (both). If you need anything, send to me, and give (the messenger) a letter. And ask for money from Pavel, and Mestja[ta] (bows to you). "
Берестяная грамота 423,… къ моне …,XIIc. 1 h.,1110,1100,1120,[...] ,[...] ,[...] 
Берестяная грамота 424,(г)р[а](мота) ѡ[тъ гю]р[ьг]ѧ к[ъ] о[ть]чеви и къ матери : продавъше дворъ идите же сѣмо смольньску ли кꙑевѹ ли : дешеве ти хлебе : али не идете  а присъте ми грамотичу сторови ли есте,XIIc. 1 h.,1110,1100,1120," Грамота от Гюргия к отцу и к матери. Продавши двор, идите сюда — в Смоленск или в Киев: дешев [здесь] хлеб. Если же не пойдете, то пришлите мне грамотку, как вы живы-здоровы. "," Letter from Giurgii to father and to mother. On selling the residence, come here – to Smolensk or to Kiev – bread is cheaper [here]. If you do not come, then send a message, if you are alive and well. "," [A letter from Gjurgij to] father and to mother. After selling the farm, come (plural) here, either to Smolensk or to Kiev. Grain is cheap. If you don't come, send me a note (saying) whether you are well. "
Берестяная грамота 425,…пол…,XIIc. 1 h.,1110,1100,1120,[...] ,[...] ,[...] 
Берестяная грамота 426,…оньсѹпо  …дрѧми,XIIc. 1 h.,1110,1100,1120,[...] ,[...] ,[...] 
Берестяная грамота 427,покланѧние (ѿ) пьр… (къ)  рагѹлови …,XIc. 2 h.,1087,1075,1100,[...] ,[...] ,[...] 
Берестяная грамота 428,…[ю] проели … …ние · съ  …нѣ : промꙑшлѧи о дѣтии : си[х]…,XIc. 2 h.,1087,1075,1100,[...] ,[...] ,[...] 
Берестяная грамота 433,+ ѿ за[в](ида къ о)нот(а)нѹ къ пꙋнѣ къ жад…  и къ вохъи [б](р)ат[ь](ѣ) поклан[ѧ](ние) … …,XIIc. 1 h.,1130,1120,1140," От Завида к Онтану, к Пуне, к Жадену (?) и ко всем братьям поклон … ",[...] ,[...] 
Берестяная грамота 434,ѿ жирѧ[ц]ѧ ко …  шесте на дес(ѧте) …,XIIc. 1 h.,1110,1100,1120,[...] ,[...] ,[...] 
Берестяная грамота 435,…ѧтина…  …свен…,XIIc. 1 h.,1110,1100,1120,[...] ,[...] ,[...] 
Берестяная грамота 487,(…)  … [вь]лѧшь  дѣѧти а тꙑ чьрьсо силу дѣѧшь  ажь бꙑ тꙑ дбромь жила братом…  (…)  (…)  … [по]жи[в]и  жь съ гурьгьмь жь со лукою а возꙑвахо тѧ сьстрою нь вѣстокою,XIIc. 2 h.,1150,1140,1160," … [X тебе таким-то образом] велел (или: велела) делать, а ты делала через силу. Если бы ты добром жила с братом (или: с обоими братьями) … {На обороте:} … поживи же с Гургием и с Лукой. А вызывал я тебя через сестру, а не извещением. ",[...] ,[...] 
Берестяная грамота 503,ѿ изосиме покланѧ(ние) …  …  …л[ъ] века  в[а]съ а нꙑнѧ не [и](м)[амь въ]лости лише въсъ а ѧ за вꙑ бга молю  съдила и гравриѧ и мариѧ и олисава  и домьника мънога же  в[ꙑ] лѣта,XIIc. 2 h.,1150,1140,1160," Поклон от Изосимы … {После разрыва:} [Я провел (?) пол]жизни у вас и ныне не имею [никакого] достояния, кроме вас. И я за вас Бога молю: Сдила и Гаврия (?) и Мария и Олисава и Домника — многая же вам лета. "," Greetings from Izosima to … [I spent (?) half] (of my) life with you and now have [no] sustenance besides you. And I pray to God for you: Sdila and Gravriia and Mariia and Olisava and Domnika ─ [may you have] (i.e., live) many years. ",[...] 
Берестяная грамота 517,…рали а  …прису…,XIIc. 2 h.,1150,1140,1160,[...] ,[...] ,[...] 
Берестяная грамота 518,(цѣсаръ)ств[ъ]е небесъ(ное),XIIc. 2 h.,1150,1140,1160,[...] ,[...] ,[...] 
Берестяная грамота 525,+ ѿ хрьстила къ вꙑшькови · се ѹ насила есмь възѧлъ ·  -------- (г)[р]в҃не · а че[т]…,XIIc. 1 h.,1110,1100,1120,[...] ," From Khrestil to Vyshko. I took from Nasil … grivnas, … ",[...] 
Берестяная грамота 526,на боѧнѣ въ рѹсѣ : грвна : на житоб(о)[у]дѣ въ рѹсѣ :г҃ї: кѹнѣ :  и грвна истинѣ : на лѹгѣ на нѣгорадѣ г҃: кѹнѣ и : грвна съ намꙑ :  на добровитѣ : съ людьми :г҃ї: кѹнѣ и грвна : на нѣжькѣ на пръжневици :  полъ : грвнѣ на сиромѣ : без дъвѹ ногатѹ грвна : на шелонѣ на добромꙑслѣ :ї҃ кѹнъ на живо{т}тъкѣ :в҃: грвнѣ крѹпѣмь : серегѣри на хъмѹнѣ и на дрозьдѣ ::е҃: грвнъ бес кѹнѣ : на азъгѹтѣ и на погощахъ  ѳ҃: кѹнъ семѣѣ грвнѣ : ⁞ дѹбровьнѣ на хрипанѣ : :ѳ҃ї третьѣѣ грвнѣ :,XIc. 2 h.,1062,1050,1075," За Бояном в Русе гривна. За Житобудом в Русе иста (т. е. собственно долга, без процентов) 13 кун и гривна. На Луге за Негорадом вместе с процентами 3 куны и гривна, за Добровитом с людьми 13 кун и гривна, за Нежком Прожневичем полгривны, за Сиромой без двух ногат гривна. На Шелони за Добромыслом 10 кун, за Животком в Крупом 2 гривны. На Селигере за Хмуном (или: Хмуной) и за Дроздом 5 гривен без куны, за Азгутом и за погощанами 6 гривен и 9 кун. В Дубровне за Хрипаном 2 гривны и 19 [кун]. "," Boian in (Staraia) Russa owes a grivna. Zhitobud in (Staraia) Russa owes 13 kunas and a grivna of principle capital. On the Luga (river) Negorod owes with interest 3 kunas and a grivna, Dobrovit with the people owes 13 kunas and a grivna, Nezhka Prozhnivich owes ½ a grivna, Sirom owes a grivna without 2 nogatas. On the Shelon (river) Dobromysl' owes 10 kunas, Zhivotka owes 2 grivnas in fragments [of silver] (i.e., hacksilber). On (Lake) Seliger Khmun and Drozd owe 5 grivnas without a kuna, Azgut and the [residents of the] Pogoshchi [district] owe 6 grivnas and 9 kunas. In Dubrovna [hamlet], Khripan owes 2 grivnas and 19 [kunas]. ",[...] 
Берестяная грамота 527,…д[ъ]шин[ѣ]и - - - - - - -  ати бѹде воина а на  мѧ почънѹ а молитесѧ  гостѧтою къ кънѧзю,XIc. 2 h.,1062,1050,1075," … Если будет война и на меня нападут, то проситесь через Гостяту к князю. ",[...] ,[...] 
Берестяная грамота 556,(покланѧние ѿ) …  (к)ъ дома[сл](а)вѹ иди [в]… (въ за)(к)ромѣ сѣме[н]а и ѣм(ена) …  (ц)ьрьнь(ц)…,XIIc. 2 h.,1150,1140,1160,[...] ,[...] ,[...] 
Берестяная грамота 559,…  ѳьворониѧ настасиѧ  прокопиї ѳеодоро гворьгиї,XIIc. 2 h.,1150,1140,1160,[...] ,[...] ,[...] 
Берестяная грамота 560,+ [ѳекла к]ѹра иевана олькъсѹ ѳедора  хръстинѹ мариѧ онѹсию оѳимею  варъварѹ ѳъвърънию окѹлина  настасиѧ,XIIc. 2 h.,1150,1140,1160,[...] ,[...] ,[...] 
Берестяная грамота 561,пѧньтелѣь  ильѧ [в]арвара,XIIc. 2 h.,1150,1140,1160,[...] ,[...] ,[...] 
Берестяная грамота 566,бѹди въ сѹботѫ  къ ръжи или весть  въдае,XIIc. 1 h.,1110,1100,1120, Будь в субботу ко ржи или подай весть. ,[...] ," Come to the rye-field on Saturday, or send word "
Берестяная грамота 586,отъ нѣжатѣ вишнъ и вина и гарѹсъ  и мѹкѹ кожѹхъ иванъ  и сковородѹ,XIIc. 1 h.,1110,1100,1120," От Нежаты {адресная формула или указание, от кого получить вещи} вишен, вина́, уксус и муку, Иванову шубу и сковороду. "," From Nezhata [take]: cherries, wine, vinegar, and flour, Ivan's coat and a frying pan. ", From Nežata—cherries and wine and vinegar and flour; Ivan's coat; and a pan. 
Берестяная грамота 590,литва въстала на корѣлѹ,XIc. 2 h.,1087,1075,1100, Литва пошла войной на карел. ,[...] , The Lithuanians have attacked the Karelians 
Берестяная грамота 591,а б в г д е ж ꙃ з [м] л н о  п р с т о у ф х ц ч ш ъ  ѣ ѫ ѭ  ѧ,XIc. 1 h.,1037,1025,1050,[...] ,[...] ,[...] 
Берестяная грамота 593,…уои [ѱл]ъ,XIc. 2 h.,1062,1050,1075,[...] ,[...] ,[...] 
Берестяная грамота 602,димитриѧ хрьстинꙋ а на дрꙋгои евана марие : а на третиеи евана  а цетвьртои сьмьона,XIIc. 2 h.,1150,1140,1160," Димитрия [и] Христину, а на другой [иконе] Иоанна [и] Марию (?), а на третьей Иоанна, а на четвертой Симеона. "," Dmitrii [and] Christina, and on the other [icon], Ioann and Mariia (?), on the third Ioann, and on the fourth Simeon. ",[...] 
Берестяная грамота 605,покланѧние ѿ ефрѣма къ братѹ моемѹ исѹхиѣ  не распрашавъ розгнѣвасѧ мене игѹмене не пѹстиле а ѧ прашалъсѧ нъ посълалъ съ  асафъмь къ посадьникѹ медѹ дѣлѧ а пришьла есвѣ оли звонили а чемѹ сѧ гнѣваеши  а ѧ вьсьгда ѹ тебе а соромъ ми оже ми лихо  мълвлѧше и покланѧю ти сѧ братьче мои  то си хотѧ мълви тꙑ еси мои а ѧ твои,XIIc. 1 h.,1110,1100,1120," Поклон от Ефрема брату моему Исухии. Ты разгневался, не расспросив: меня игумен не пустил. А я отпрашивался, но он послал [меня] с Асафом к посаднику за медом. А пришли мы (двое), когда [уже] звонили. Зачем же ты гневаешься? Ведь я всегда у тебя (при тебе). А зазорно мне, что ты злое мне говорил. И [всё же] кланяюсь тебе, братец мой, хоть ты и такое говори. Ты мой, а я твой. "," Greetings from Efrem to my brother Isukhii. You became angry without asking: father superior did not permit me (to come). I begged him, but he sent me with Asafo to the mayor (posadnik) for the mead (or honey). And we (both) came back at the ringing (of the bells). Why then do you get angry? I am always with you. It is very painful for me that you spoke ill to me. And [still] I bow to you, my brother, even though you say such (about me). You are mine and I am yours. "," A bow from Efrem to my brother Isuxija. Without having asked, you became angry. The abbot didn't give me leave, and I did ask, but he sent (me) with Asaf to the posadnik on account of the honey, and we both (only) arrived when the bells were ringing. Why are you angry? I'm always with you. It is a shame to me that you spoke with malice to me. And (nonetheless) I bow to you, my dear brother, even though you say such a thing. You are mine, and I am yours. "
Берестяная грамота 607/562,жизнобѹде погѹблене ѹ сꙑчевиць  новъгородьске смьрде а за ним[и и] з[а]дьницѧ,XIc. 2 h.,1087,1075,1100," Сычевичами (или: [в доме] у Сычевичей) убит Жизнобуд, новгородский смерд. А в их руках и [его] наследство. ",[...] , Žiznobud has been killed by (or 'among') the Syčeviči; (he was) a Novgorodian peasant. And they have (his) inheritance as well. 
Берестяная грамота 608,…авꙑ…  … (в)[ѣ]сть п[р]и[с]ъ[л](и) …,XIIc. 2 h.,1150,1140,1160,[...] ,[...] ,[...] 
Берестяная грамота 613,грамота ѿ вонѣга къ с[т]ав[ъро](ви) - - - - - - - - - - - - и ногате в[ъ боръзѣ] а добръ сътвори хъчѹ и[т]и …,XIc. 2 h.,1062,1050,1075," Грамота от В(о)нега к Ставру. [Пришли четыре (или: три) (?)] ногаты срочно, сделай милость. Хочу идти … "," Letter from V(o)neg to Stavro. Be so kind, urgently [send 4 (or: 3)] nogatas. I want to go … ",[...] 
Берестяная грамота 630,о : ньжька дова дьсѧть бьрковьско бьз ьрьковьска  ѹ гоницѧ бьз бьрьковьска дова дьсѧть ѹ станьмира  ѹ жѹцьковицѧ цьтьри бьрьковьскь ӏ шьсь кѹно  ѹ гѹрьгѧ ӏ ньпробѹжѧ вонѹка поло гривьнь ѹ пѹтоковьӏ поло гривьнь ѹ мьстока ѹ кѹзньцѧ бьз довѹ ногѹтѹ  гривьна ѹ жирока поло гривьнь оньковицѧ  ѹ станишь поло гривьнь,XIIc. 2 h.,1150,1140,1160," У Нежка 19 берковцев, у Гонича 19 берковцев, у Станьмира Жучковича 4 берковца и 6 кун, у Гургия, Непробудова внука, полгривны, у Путковой жены полгривны, у Местка-кузнеца без двух ногат гривна, у Жирка Оньковича полгривны, у Станиши полгривны {(может быть, впрочем, отчество Оньковиць относится к Станише, а не к Жирку).} "," Nezhka owes 19 berkovets; Gonich owes 19 berkovets; Stan'mir Zhuchkovich owes 4 berkovets and 6 kunas; Gurgii, Neprobud's grandson, owes half a grivna; Putko's wife owes half a grivna; Mestko, the blacksmith, owes a grivna without 2 nogatas; Zhirok On'kovich owes half a grivna; Stanish owes half a grivna. ",[...] 
Берестяная грамота 631,ѫ мирѧтѣ бес полѹ  семе кѹнѣ ·г҃· вне · а …,XIIc. 1 h.,1130,1120,1140,[...] , Miriata owes 2 grivnas [and] 18 ½ kunas … ,[...] 
Берестяная грамота 632,кѹзема тѹдорове блез[о]ке селѧтине сꙑно :,XIIc. 2 h.,1150,1140,1160," Кузьма, Тудоров свойственник, Селятин сын. "," Kuz'ma, Tudor's relative, Seliata's son ",[...] 
Берестяная грамота 633,… -[в-не веде] а [не повель]  -о-[ьскь] с[ь]кꙑрѹ городкѹ а иване вьде,XIIc. 1 h.,1130,1120,1140," Х ведет, а не повел в местности Робско (?) секиру (т.е. карающий меч) на Городок, а Иван ведет "," …berkovets, ax to Gorodok. And Ivan leads. ",[...] 
Берестяная грамота 635,… [къ те]тъке приде ти ѧ----  …[и] нежѧтѹ сътѹмаи же кот… …[п]итъ не ѹпѹскаи же оти и…  …(л)юб[ъес]… (…),XIIc. 1 h.,1130,1120,1140," … к тетке. Придет к тебе Я…{ (или: }Вот придет Я…; {менее вероятно, что здесь представлен аорист:} Вот пришел Я…). {После упоминания} Нежаты {сказано:} реши же {(далее, возможно, шла какая-то форма слова которыи).} {После разрыва:} не упускай же того, чтобы … ",[...] ,[...] 
Берестяная грамота 637,…и лазорѧ,XIIc. 2 h.,1150,1140,1160,[...] ,[...] ,[...] 
Берестяная грамота 644,+ ѿ нѣжеке ко завидꙋ чемѹ не восолеши чето ти есемо водала  ковати · ѧ дала тобѣ а нѣжѧтѣ не дала · али чимо есемо виновата а восоли отроко · а водале ми еси хамече · ачи за то не даси · а  восоли ми вѣсть · а не сестра ѧ вамо оже тако дѣлаете не исправить ми ничетоже · а во три колотокѣ вокꙋе то ти ·д҃· золотьникѣ во  кольцю · тию,XIIc. 1 h.,1110,1100,1120," От Нежки к Завиду. Почему ты не присылаешь то, что я тебе дала выковать? Я дала тебе, а не Нежате. Если я что-нибудь должна, то посылай отрока (т. е. судебного исполнителя). Ты дал мне полотнишко; если поэтому не отдаешь [то, что я дала выковать], то извести меня ({вариант:} посылай повестку). А я вам не сестра, раз вы так поступаете, не исполняете для меня ничего! Так вкуй же [отданный тебе металл] в три колтка; его четыре золотника в тех двух кольцах. "," From Nezhka to Zavid. Why have you not sent me what I gave you to forge? I gave you, not Nezhata. If I owe [you] something, then send a court official (otrok). You gave me a [piece of] cloth; if this is the reason why you are not giving [what I gave you to forge], then inform me. And [then] I am not your sister, if you behave so – not doing anything for me! Now, forge the [metal which I gave you] into 3 koltoks; there is 4 zolotnik of it in those 2 rings. "," + From Nežka to Zavid. Why won't you send what I gave you to forge? I gave it to you; I didn't give it to Nežata. If I am at fault in anything, send an official! You did give me a little cloth; if that is why you won't give (back what I gave you to forge), let me know. I am not a sister to you (plural), if you do thus; you won't complete anything for me! So forge (the metal) into three pendants; there are 4 zolotniks worth in those two rings. "
Берестяная грамота 673,…  [въ п]ѧт(-)ницю али нь въслеши  а заемѹ ти… Другая запись:  …нѹ попа со[у]…,XIIc. 1 h.,1130,1120,1140,[...] ," … on Friday. If you don't send [them], [I will] borrow them. / … priest … ",[...] 
Берестяная грамота 675,… (къ милѧ)т[ѣ б]рать милѧто кꙑевѣ : бг҃ъ : мьжи нама послѹхо бꙑлъ : фофѹдьи бꙑлъ твоихъ :ѳ҃: рьклъ ѧ собѣ то ти на лѹкахъ гривьнъ :ꙅ҃:  … ажь … [тво]риши : при[ш]ь сѹж[ь]далѹ роздаѧвъ : въ дълъгъ съ сѣ…,XIIc. 2 h.,1150,1140,1160," [От … к Миляте]. Брат Милята! В Киеве Бог был свидетель между нами: из твоих фофудий девять выговорил я себе. Таким образом, в Луках гривен шесть … … ты утверждаешь, [что] придя (или: пришел) в Суздаль, раздав в долг … "," [From … to Miliata]. Brother Miliata! In Kiev, God was our witness: of your fofudii, I claimed 9 for myself. Thus (or: On arriving), in Luki 6 grivnas … Arriving in Suzdal', given out in loans … ",[...] 
Берестяная грамота 678,…[в]ъ тѧ въ… …те кѹнъ а…,XIIc. 2 h.,1150,1140,1160,[...] ," … you for (5, 6, 9, or 10) kuna, … ",[...] 
Берестяная грамота 679,…и а продале ти е ес[ь]м[ь] а …  ми и покланѧю ти сѧ,XIIc. 2 h.,1150,1140,1160,[...] , version 1: … And it was I [who] sold him … And I send greetings. version 2: … And [it was] I [who] sold them to you … And I send you greetings. ,[...] 
Берестяная грамота 733,+ покланѧние отъ матере …,XIc. 2 h.,1087,1075,1100,[...] ,[...] ,[...] 
Берестяная грамота 734,їс хс сихаїлъ сихаїлъ сихаїлъ  ника : аньгѣлъ аньгѣлъ аньгѣлъ  ги҃дьнь гѣ има аньгѣла,XIIc. 2 h.,1150,1140,1160,[...] ,[...] ," Sixael, Sixael, Sixael Angel, angel, angel of the Lord, thrice (?) the name (?) of the angel. "
Берестяная грамота 735,+ ѿ ѧкима и ѿ сьмьюна къ дъмитрѹ въдаи паробъкѹ  семѹ конь полѹбѹивъ  же шизꙑи и сътворѧ добрѣ  помоги емѹ · поправити любо и до коростомлѧ,XIIc. 2 h.,1150,1140,1160," От Якима и Семьюна к Дмитру. Дай этому слуге (т. е. подателю сего) коня дурковатого (?) сивого и, пожалуйста, помоги ему доставить [груз] — хоть и до Коростомля (т. е. если нужно, то даже и до Коростомля). "," From Iakim and Sem'iun to Dmitrii. Give this servant (i.e., the deliverer of the text) the foolish (?), gray horse and, please, help him to deliver [cargo] ─ even as far as Korostoml'. "," + From Jakim and from Sem'jun to Dmitr. Give this servant a horse—the half-wild, gray one—and, if you please, help him to deliver (the shipment)—even as far as Korostoml' "
Берестяная грамота 736,+ отъ ивана къ дрист[ьл]ивѹ [а]же то [на]мъ възѧле еси павьловъ (а)  [н]а прокопьѣ възѧти а възѧле ли еси а в[ъзь]ми [и] з[а]--дѹ -е а възѧл[е а] (пр)[и]съ[ли т]акѹю же вѣсть сѣмо [ц]и есть саме в[ъ]хѹ [ли]хв[ѹ въд]але  (о)тъ дристива къ виванѹ не възѧле есмь ни вѣкъшѣ ни ви[д]алъ его толико възѧлъ есмь ѫ прокопьѣ възѧлъ без ногатѣ гривьнѫ,XIIc. 1 h.,1110,1100,1120," От Ивана к Дристливу. Если ты взял Павловы проценты, то [нужно] взять у Прокопьи. Если же ты [уже] взял, то возьми … ({возможно:} также и для Завида). Если же [и это] взял, то пришли сюда весть также о том, отдал ли он сам всю лихву {под «он», вероятно, понимается Прокопья, но, может быть, и Завид}. От Дристива к Ивану. Я не взял ни векши и [даже] не видал его. Я взял только у Прокопьи, [а именно], взял без ногаты гривну. "," 736a: From Ivan to Dristliv. If you took from Pavel the interest (probably, which was given to him), then [it is necessary] to take [the interest] from Prokopii. If you [already] took [the interest], then take … (possibly: then also take interest for Zavid). If [you also] took [this], then send me a message about this, before I, myself, give (i.e., pay) all the interest [for my own debts]. 736b: From Dristiv to Ivan. I did not take a veksha (lit. “not a penny”) and did not even see him. I took only from Prokopii a grivna without a nogata. "," [Outer side] + From Ivan to Dristliv. If you have collected Pavel's interestpayment, it is also necessary to collect on Prokop'ja. If you've collected (that), then also collect for Z[avi]d (?). And if you've collected, [send] news about whether he's given the entire [amount] (?) [Inner side] From Dristliv to Ivan. I haven't collected a cent, nor have I seen him. I've collected from Prokop'ja only; I collected a grivna less one nogata. "
Берестяная грамота 738,…ньга гр…,XIIc. 2 h.,1150,1140,1160,[...] ,[...] ,[...] 
Берестяная грамота 739,отъ глѣбъка к[ъ] воло[чѧ](н)[омъ въ]да[ите]  сему диаку :е҃: и грин : цьркъвную стрѣже(н)[ѣ] (мала цьрк)[ъвичѧ си] (м)[илс]тн[ю] (в)ѣ[чьн](у) [е](млеть),XIIc. 1 h.,1130,1120,1140," От Глебка к волочанам. Дайте этому постриженному дьяку гривну и пять [вероятно, кун] церковных денег. Эта маленькая церковка получает вечную милостыню. ", From Glebko to [the residence] of Volok. Give this deacon (or clerk) 5 and a “church grivna” … ," From Glebko to the people of Volok. Give this clerk 5, and the church grivna […]. "
Берестяная грамота 740,…  и вълъдаѣ ·еӏ· кѹнъ …,XIIc. 2 h.,1150,1140,1160,[...] , … her (or: 15) kunas … ,[...] 
Берестяная грамота 741,пьсьное,XIIc. 1 h.,1130,1120,1140, письменные принадлежности {или} принадлежности для живописи ,[...] ,[...] 
Берестяная грамота 742,…ѣна къ борисови въда…нꙑ и гривьнѹ нежате  …сълеть къ мъне,XIIc. 1 h.,1110,1100,1120," От ({или:} грамота от) …ена (Хотена, Городена {и т. п.}) к Борису. Дай [столько-то кун] и гривну Нежате, [пусть он это] пришлет ко мне. "," (From (or: Letter from such-and-such)) to Boris. Give [something] and a grivna to Nezhata; [this, he should] send to me. ",[...] 
Берестяная грамота 743,…  рѧвѧтѣ дѣла прис[ъ]лали … …о таку же вѣсть присъли,XIIc. 2 h.,1150,1140,1160," … [если] из-за Ревяты (или: по поводу Ревяты) прислали [нечто], то ты пришли [сюда] об этом весть. ",[...] ,[...] 
Берестяная грамота 745,ѿ павъла из ростова къ братонѣжъкѹ аже то лодиѧ присълана кꙑѧнинѧ обѣсти ѫ кънѧзѹ дати не бѹде присловъѧ ни тобѣ ни павълови,XIIc. 1 h.,1110,1100,1120," От Павла [письмо] из Ростова к Братонежку. Если ладья киевлянина [уже] прислана, то сообщи о ней князю, чтобы не было худой славы (претензий, укора) ни тебе, ни Павлу. "," From Pavel in Rostov to Bratonezhko. If the Kievan's boat had [already] been sent, then inform the prince about it, so that there would be no ill reputation for me nor Pavel. "," From Pavel from Rostov to Bratonežko. If the Kievan's boat has been sent, tell that to the prince, so that there will be no cause for reproach for either you or Pavel. "
Берестяная грамота 752,-------------- (к)[ъ] тобѣ тришьдъ а въ сю недѣлю цьтъ до мьнь зъла имееши оже  е[с]и къ мънѣ н[ь при]ходилъ а ѧзъ тѧ есмѣла акꙑ братъ собѣ ци ѹже ти есмь задѣла сълюци а тобѣ вѣдѣ ѧко есть не годьнъ аже бꙑ ти годьнъ то [из] оцью бꙑ сѧ вꙑтьрьго притькль  …  …  … [нꙑ]нѣ к[ъ]дь инодь въспиши жь ми про …  [тьбь] хаблю ци ти бѹдѹ задѣла своимъ бьзѹмьемь аже ми сѧ поцьньши насмихати а сѹдить бъ҃ [и] моѧ хѹдость,XIIc. 1 h.,1110,1100,1120," [Я посылала (?)] к тебе трижды. Что за зло ты против меня имеешь, что в эту неделю (или: в это воскресенье) ты ко мне не приходил? А я к тебе относилась как к брату! Неужели я тебя задела тем, что посылала [к тебе]? А тебе, я вижу, не любо. Если бы тебе было любо, то ты бы вырвался из-под [людских] глаз и примчался … {После большого разрыва:} … теперь где-нибудь в другом месте. Отпиши же мне про … {После разрыва в 6–8 слов сохранился конец этой (или, может быть, следующей) фразы: … [тьбь] хаблю. Здесь возможны лишь вольные предположения, например, (николи же сь) [тьбь] хаблю} никогда тебя не оставлю (не отвергну) {или (хочеши ли дати сь) [тьбь] хаблю} хочешь ли, чтобы я тебя оставила {и т. п. Заключительная фраза:} Буде даже я тебя по своему неразумию задела, если ты начнешь надо мною насмехаться, то судит [тебя] Бог и моя худость (= я). "," [I sent (?)] to you thrice. What anger do you harbor against me, that this week (or: this Sunday) you have not come to me? And I treated you as a brother! Is it that I have offended you by calling [on you]? And you, I can see, dislike this. If it would have appealed to you, then you would have torn yourself away from the eyes [of people] and come … … now at some other place. Write (answer) me about … [I] will never reject you … Even if I, by my own lack of thought, have offended you, if you will laugh at me, then God and my own wretchedness (i.e., I) will judge (you). "," [Fragment 1] […] to you three times, and this Sunday (or: week). What ill-will do you bear to me that you haven't come to me? I have treated you like a brother. Have I already wearied you, sending (you messages)? But I know that to you it is displeasing; if it were pleasing to you, you would tear yourself away from the eyes (of others) and come running […]. Fragment 2] […] now somewhere else. Reply to me about […]. I leave you? If I have wearied you with my foolishness—if you begin to mock me, God will judge (you), and I will. "
Берестяная грамота 776,грамота отъ їли ї отъ дъмитра пльсковѫ ко либинѫ :  ко мостокѣ то ти мѧтьль въ поло гривьнѣ · ложьнике въ цетꙑри кѫнѣ юбрѫсе въ трьї кѫнѣ заѧле еси ѹ тьше  трьї кѫнѣ а въ томь шесть кѫно присъли :  присъли же мою ї малѫю нитокѫ ѣли не присолеши  а рѫти тѧ хоцѫ :,XIIc. 2 h.,1150,1140,1160," Грамота от Ильи и от Дмитра во Псков к ливу Мостке. Итак: плащ [ценой] в полгривны, одеяло в четыре куны, платок в три куны; ты занял у Теши (?) три куны. За это пришли шесть кун. Пришли же и мою малую нитку. Если же не пришлешь, то учиню тебе рубеж (конфискацию). "," Letter from Il'ia and Dmitr to Pskov for the Liv Mostka. Now: the coat [is worth] half a grivna, blanket for 4 kunas, kerchief for 3 kunas; you borrowed from Tesha (?) three kunas. For this send 6 kunas. Send also my small string (i.e., necklace). If [you] do not send [them], then I will impose on you a confiscation [of your property]. ",[...] 
Берестяная грамота 789,шидовицихъ на нѣгосѣмѣ на рьжьковѣ зѧти грв҃на шидовицихъ ѫ домана ѫ тѹдорова изгоꙗ ї҃ кѹнъ городьцьскѣ вълъцинѣ на рокꙑши ꙅ҃ кѹн  въ ламѣ,XIc. 2 h.,1087,1075,1100," В Шидовичах за Негосемом, Режковым зятем, гривна. В Шидовичах у Домана, Тудорова изгоя, 10 кун. В Городецке (Бежецком) в [волости] Волчине за Рокишем 6 кун в [деревне] Ламе. "," In Shidovichi, Gegosem Rezhko owes a grivna. In Shidovichi, Doman, the izgoi of Tudor, owes 10 kunas. In Gorodets (of Bezhetsk Heights) in Volchino, Rokish owes 6 kunas in [the village of] Lama. ",[...] 
Берестяная грамота 822,…ч[ь]вѣ от[ро]к[ь] …,XIIc. 2 h.,1150,1140,1160,[...] ,[...] ,[...] 
Берестяная грамота 824,+ ѿ жиръка къ завидѹ се въсълале заха(рьѧ)  в[ъсп]иши грамотѹ къ мънѣ лѹбо ли а са(ме)… …в[ь]рьти тобою а промꙑсли о томъ :,XIIc. 2 h.,1150,1140,1160," {Жирко сообщает Завиду о том, что Захарья прислал какую-то грамоту (или человека) — возможно, с каким=то требованием. В связи с этим Завид должен либо дать Жирку письменный ответ, либо сам к нему приехать. Письмо заключается фразой:} Так позаботься же об этом. ",[...] ,[...] 
Берестяная грамота 825,покланѧни ѿ тѹдорока ко м[а]----  ше--…,XIIc. 2 h.,1150,1140,1160,[...] ,[...] ,[...] 
Берестяная грамота 827,… [лѹб]о [:] обоѧтьник[а :] …,XIIc. 2 h.,1150,1140,1160,[...] ,[...] ,[...] 
Берестяная грамота 828,… [и грив]ена (о)[у] ога…,XIIc. 2 h.,1150,1140,1160,[...] ,[...] ,[...] 
Берестяная грамота 83,на …рѣ  гр҃(вн)- …,XIIc. 1 h.,1110,1100,1120,[...] ,[...] ,[...] 
Берестяная грамота 831,ѿтъ кѹзьме и отъ дети его къ рагѹилови ко старьшѹм[о](у) ------- (ко)[р](ъ)вѹ тобе во полѹторь [гривь](не) ------------------[и сире] а то гривьною кри(лъ есмь и) [дьс]ѧ[ть сиг]ово и пол[ъ]ть во дьсѧть кѹно а попови твоемѹ коръвѹ во  [гривь]нѹ а троке тво[е ч]истило есмь и даѧлъ дарꙑ а сь еси поѧлъ ѹ мьне  рѹбѹ и паръбоко во сьми гривьно а дрѹгѹю робѹ во довѹ гривьнѹ да бласлови тѧ бо҃го а сь на мѧ чето воздираеши и на мое дети кото ли на мѧ тѧжѹ дьет[ь] --------------[тѧ бъ҃] пострьчьть ѹжь на мѧ и на мое дети а во то еси  -----------------------[и] дова отрока а ѧ съ дьтьми то къ-----------  -- [к]ѹно дош[ь]-[ъ] писк[ѹп]ѹ во дворо ---------т[ъ]к…  … отъ по…  бѹдьть да то тѹ бѹдѹ ото нхо посадь[ник]о(у) [с]о [пи]…  ото весьхо шьсть а ни ѧ тобе кобѧжанино ни ѧ то[бь] скѹ[дь]тина  а и горъзно ми [бе]шь тѹ---- тъгда да надо вьсьмь тѧ бласловило а тꙑ спепане пьрьпесаво на харотитию посъли жь (…),XIIc. 2 h.,1150,1140,1160," От Кузьмы и от его детей к «старшему» Рагуилу. [Я дал (?) коро]ву тебе ценой в полторы гривны; … [и] сыры — это я купил за гривну; да десять сигов и полоть в десять кун. Да попу твоему корову ценой в гривну. И отрокам твоим я оказывал почет и давал [им] дары. И вот [еще] ты забрал у меня рабыню и юношу-раба [совокупной] ценой в семь гривен и другую рабыню ценой в две гривны. Но [это] — благослови тебя Бог. А вот зачем ты придираешься ко мне и к моим детям? Если кто-то заводит тяжбу против меня [и моих детей, — упаси (?) тебя Бог] — это он уже подстрекает [тебя] против меня и моих детей. А ты из-за этого [наслал на меня и на моих детей] двух отроков. А я с детьми … {Далее, возможно, речь шла о том, что автор с детьми уплатил некую положенную сумму (подати или штрафа). Смысл последней строки лицевой стороны предположительно таков:} [а из] денег пошло епископу в казну (букв.: во двор) [столько-то]. дескать, я тут от них от всех (т. е. от своих детей) посаднику с [епископом заплатил только] шесть (вероятно, гривен). А я тебе не колбяг, я тебе не «скудятина» (т. е. нищий)! А уж очень мне было туго (?) тогда. И благословляю тебя во всем. А ты, Степан, переписав на пергамен, пошли. ",[...] ,[...] 
Берестяная грамота 832,…а--да[т]…  … [въ] съто : къде ми [л]ю[бо :] а там(о) …,XIIc. 2 h.,1150,1140,1160,[...] ,[...] ,[...] 
Берестяная грамота 833,… (кѹ)не и гривьна ѹ …  … (кѹ)не ѹ медовеника десѧть кѹно  (ѹ) …[ж]ѧнина поло десѧте кѹне,XIIc. 2 h.,1150,1140,1160,[...] , … kunas and a grivna. [So-and-so] owes [a certain number of] kunas. Honey seller owes 10 kunas … [so-and-so owes] 9 ½ kunas. ,[...] 
Берестяная грамота 834,+ се илько пок[л](епали т)и мѧ · а въходить мѧ погосте ротѣ  а не виновате есьмъ · ни вѣк(ъ)шею · а посъли отрокъ  на погостъ · (п)[ер]е[дъ кꙑ](мъ бѹде)[ш]и въд[а]ле,XIIc. 2 h.,1150,1140,1160," Вот, Илька, меня обвинили. А погост судебно преследует меня, заставляя принести роту (или: А погост приносит роту, направленную против меня). А я не должен ни векши. Пошли же на погост того отрока, перед которым ты отдал (или: отдашь). ",[...] ,[...] 
Берестяная грамота 835,… (к)[ъ] иванѹ то ти за петръмъ п[ол]ъ …,XIIc. 2 h.,1150,1140,1160,[...] ,[...] ,[...] 
Берестяная грамота 836,…ад[ьлъ] бери…  … (об)[ъ]рънь [д]ѣтъкъ мъихъ …,XIIc. 2 h.,1150,1140,1160, защити деток моих ,[...] ,[...] 
Берестяная грамота 837,…ѹ а мꙑ шьли ш[ь]ли же …,XIIc. 2 h.,1150,1140,1160,[...] ,[...] ,[...] 
Берестяная грамота 838,…[о]-адо·о-е[стер]и…,XIIc. 2 h.,1150,1140,1160,[...] ,[...] ,[...] 
Берестяная грамота 839,…ръкѹ тꙑ же о… …(съ)[л]алъ дъмитръ грамотѹ  …(кън)ѧзю а ба҃ дѣлѧ отъгъци… (гра)мотѹ и покланѧю ти сѧ,XIIc. 2 h.,1150,1140,1160," … Петроку. Ты же, [если окажется, что] послал Дмитр грамоту … князю, то, ради Бога, потрудись ({букв.:} отяготи себя), [напиши мне (об этом)] грамоту. Кланяюсь тебе. ",[...] ,[...] 
Берестяная грамота 84,+ отъ твьрьдѧтꙑ къ зѹбери възми  ѹ господꙑни три на десѧте рѣзанѣ  а,XIIc. 1 h.,1130,1120,1140, От Твердяты к Зуб(е)рю. Возьми у госпожи тринадцать резан. , From Tverdiata to Zub(e)r. Take from the lady 13 rezanas … ,[...] 
Берестяная грамота 840,…[л]ъза…  …кѹша…,XIIc. 2 h.,1150,1140,1160,[...] ,[...] ,[...] 
Берестяная грамота 841,… [нь] забꙑваи моего  … (до)[бр]ѣ [с]т[вор]ѧ помо[ли] …,XIIc. 1 h.,1130,1120,1140," … не забывай моего [добродеяния (?)] … пожалуйста, попроси … ",[...] ,[...] 
Берестяная грамота 842,+ ѿ дьѧка и ѿ илькѣ се посълаховѣ лѹкънъ ·ѕ· на ·ӏ҃· а масла ·г҃· молоствѣ а середѣ ·в҃· свиньи хрьбьта ·в҃· а ·г҃· заѧцѣ  и тетеревѣ · и кълъбасѹ а конѧ ·в҃· и сторова,XIIc. 1 h.,1130,1120,1140," От дьяка и от Ильки. Вот мы [двое] послали 16 лукон ({очевидно,} меда), а масла три горшка. А в среду две свиньи, два хребта ({видимо,} хребтовая часть туши), да три зайца и тетеревов и колбасу, да два коня. У нас все в порядке. "," From deacon and from Il'ka. Now, the two of us sent 16 lukons (a unit of measure) of (honey?) and 3 pots of oil/butter. And on Wednesday (we sent) 2 pigs, 2 spines (of meat), 3 rabbits, black grouse, and sausage, and two steeds, healthy ones. ",[...] 
Берестяная грамота 843,…м[ь] оба сор[о](ка)  [н]а семи гривьно а цего ти хотѧ -------  ни собь …,XIIc. 2 h.,1150,1140,1160, … оба сорочка (товарно-денежная единица) за семь гривен. А если же чего-либо … ,[...] ,[...] 
Берестяная грамота 844,(…) (отъ и)[м]оволожѧн[ъ къ] …  … [п]окладено о[ть] не буд[еть] …,XIIc. 2 h.,1150,1140,1160," От имоволожан к … положено с тем, чтобы не было … ",[...] ,[...] 
Берестяная грамота 845,отъ васа (…),XIIc. 2 h.,1150,1140,1160,[...] ,[...] ,[...] 
Берестяная грамота 846,ѿ дъмитра мольба къ [п]…  попꙑтаї съчетъкѣ слѹжь[б](ьн)…  и кѹбицѣ въдаї съ къни(гами),XIIc. 2 h.,1150,1140,1160, Просьба от Дмитра к … Отыщи «роспись служебную» и выдай Кубице вместе с книгами. ,[...] ,[...] 
Берестяная грамота 847,…  дворъ шьдъ нарѧди жо …  … …[ов]ѣ [сор]ѹбѣ ед…  …дъ по[ѣди] …  ними пъвозъ · ѧ бꙑ[хъ] …  … н[и] ----(-) ни молодога а …  … за то …,XIIc. 2 h.,1150,1140,1160,[...] ,[...] ,[...] 
Берестяная грамота 848,-онеюжо[м]…,XIIc. 2 h.,1150,1140,1160,[...] ,[...] ,[...] 
Берестяная грамота 849,цѣлъвъ ѿ петра къ дьмъшѣ даи микѹлѣ кꙑшькѣ гривьнъ ·ꙅ· възьмѧ ѹ  маренѣ · самъ же привед(-)[ѧ] его даи же передъ мареною · ци ти ѧръко въ[сп]росить а томѹ не даи · и цѣлѹю тѧ добрѣ же створѧ исправи же сам[ъ],XIIc. 2 h.,1150,1140,1160," Приветствие от Петра к Демше. Дай Микуле Кишке гривен шесть, взявши у Марены. Приведя его сам, дай в присутствии Марены. А если попросит Ярко, то тому не давай. Приветствую тебя. Сделай же милость, исполни сам. ",[...] ,[...] 
Берестяная грамота 850,покланѧнье ѿ бъръза и отъ пѹтеши и отъ въхоѣ дрѹжинѣ къ петръкѹ се еси въдале землю н[а](мъ) --------  в[о] и свѧтопъ(лъ)къ а нꙑнѣ п…  …  …[го б]ѹде [в]ъ тобѣ оправ[ь]и нꙑ бг҃а дѣлѧ али о------------ пѹть а жѧдѣ[н]ѹ въда[ѣ] (-)е …,XIIc. 2 h.,1150,1140,1160," Поклон от Борза, Путьши и всей дружины Петроку. Вот ты дал нам землю … {(далее упомянут князь} Святополк); а теперь … {(вероятно, следовало сообщение о том, что некто пытается эту землю отнять).} ",[...] ,[...] 
Берестяная грамота 851,…  …стилѣ ѹ жиръцкѣ ви… (т)ри на десѧ гривнѣ бе  …нѧ скъта ѹ гъвъшѣ  … [гр]ивнѣ а кънѧзꙑ  … [д]ати ведете гъ… [т]ебе къ дрѹжинѣ  …[к]инъмъ къ варѧж… (и цѣ)[л]ѹю тѧ,XIIc. 2 h.,1150,1140,1160," … У Жирочки [вирных денег (?)] тринадцать гривен [без куны (?)]. [Чьих-то ({например,} Ивановых, немчиновых)] денег у Говши [столько-то] гривен. А князь [повелел такому-то], чтобы он вел Го[вшу (?) на свод (?) от] тебя к дружине [и (далее) с отроком (?)] …киным ({например,} Лукиным) — к варяжским [купцам (?)]. Приветствую тебя ",[...] ,[...] 
Берестяная грамота 852,…мъ а бѹде сторовъ кнѧзь дать да о васъ  промꙑслимъ,XIIc. 1 h.,1130,1120,1140," А если князь будет здоров и благополучен, то и о вас позаботимся ({букв.:} пусть-ка мы [тогда] и о вас позаботимся). ",[...] ,[...] 
Берестяная грамота 853/898,:+: ѿ мароть грам[от](а) …  ѹ тебе : ис[пь]савъ : и[с] …  … …аи т[а]…  (…)  городьшинее,XIIc. 1 h.,1130,1120,1140," От Марты грамота [к …]; … у тебя, выписав из {[такой-то книги] }… ",[...] ,[...] 
Берестяная грамота 854,…ен…  … (о)[тръ]къ и лъ[вьц]а о-- (п)ривезꙋть събѣ пъръма дрꙋ[г]-[ѣ]  гꙋрьгеви : из ъръмице ка въсп(и)ши  ми грамътицю о свъемъ стъ[р](ъ)вье и о дѣтьхъ а ловьца н--(-)о-----(-) [в]ъ ловитвахъ ---- п----[з]ꙋть [с]обѣ сотепꙋть ---н-- (гри)вьн[ѣ] забꙑли есме гюрьгеви ---  и--зи со дѣт[ь]ми а вво клѣти (―-) (…),XIIc. 2 h.,1150,1140,1160," … отроков и ловца ({т. е.} охотника или рыболова) … привезут себе «парома», в другой раз (?) — Гургию (Гюргию) … Из деревни ({букв.:} с пахоты {или} с пахотного поля) напиши-ка мне в ответ грамотку о своем здоровье и о детях. А ловца … во время лова … собьют ({возможно,} белок или птиц) … мы забыли ({т. е.} простили) Гюргию … ",[...] ,[...] 
Берестяная грамота 855,(…)  … н[ꙑ]не  [въ горъ]дъ но не лего ѿ дьа : а зѹбь вꙑбить  а нежѧтиници отроки били шьсть : ӏ:хъ а дѹжебѹ а испралѹ : ӏ:мъ,XIIc. 2 h.,1150,1140,1160," … [следовало бы ехать] ныне в город, но не позволяет дьяк. А выбит зуб. Нежатины отроки били их шестерых. А [что касается] штрафа за ущерб, то я выплачу им (или: я соберу, или: я расследую/рассужу). ",[...] ,[...] 
Берестяная грамота 856,…да : а огрози нꙑ…,XIIc. 2 h.,1150,1140,1160,[...] ,[...] ,[...] 
Берестяная грамота 857,…------ (:)и: кѹ(нъ ѹ) …  …а :е҃: кѹнъ : ѹ [п]-…,XIIc. 2 h.,1150,1140,1160,[...] ,[...] ,[...] 
Берестяная грамота 858,…-----[в]ъ : ко[г]о …  …ронꙑ и ѹ себе дьрьжи : и челѹю те,XIIc. 1 h.,1130,1120,1140, … у себя держи. Приветствую тебя. ,[...] ,[...] 
Берестяная грамота 859,… мънѣ -ъ…,XIIc. 2 h.,1150,1140,1160,[...] ,[...] ,[...] 
Берестяная грамота 860,+ поклан[и]…,XIIc. 1 h.,1130,1120,1140,[...] ,[...] ,[...] 
Берестяная грамота 861,…р[ѣ]во,XIIc. 1 h.,1130,1120,1140,[...] ,[...] ,[...] 
Берестяная грамота 862,…  гривьнѣ не въдаси ли а посълю на тѧ …,XIIc. 1 h.,1110,1100,1120," (Отдай) … гривны. Если же не отдашь, то я пошлю на тебя (судебного исполнителя). ",[...] ,[...] 
Берестяная грамота 863,…  д[ъв]… … д[ѣ]жѣ овьс(а) --------[аѧ пь]шениц[ѣ] · ѹ хотьшѣ ѹ воинѧтѣ ѹ нѣжика · ѹ хотѣна · по дѣжѣ молодога · а  съ городьна дъвѣ дѣжѣ молодога · а ѹ нѣжизна  и ѹ тотова дъвѣ джѣ молодога · а ѹ раховица дъвѣ дѣжѣ молодога,XIIc. 1 h.,1130,1120,1140," … [столько-то] кадей овса [и малая кадь (?)] пшеницы. У Хотьши, Войняты, Нежика и Хотена по кади солода. А с Городна две кади солода. А у Нежизна и у Тотова две кади солода. А у Раховича две кади солода. ",[...] ,[...] 
Берестяная грамота 864,… [и съ] собоѭ възьль : …,XIIc. 1 h.,1130,1120,1140, … с собою взял … ,[...] ,[...] 
Берестяная грамота 865,а г (-) д ⁞ е ж з к - м [н] п и и дм  в,XIIc. 2 h.,1150,1140,1160,[...] ,[...] ,[...] 
Берестяная грамота 866,…  -- (до)ро[г]а[ѧ] [к]руж[ивѣ б]ол[ъ]шии по осми гривъвъно круживо мьнешее шъстъ гривън[о],XIIc. 1 h.,1130,1120,1140," …дорогие (?): двое кружев больших по восьми гривен, кружево меньшее — шесть гривен… ",[...] ,[...] 
Берестяная грамота 867,отъ [не]гола и ото говѣна ко дурьдѣв…  п[р]иш-------- [въдаи х]… (…),XIIc. 2 h.,1150,1140,1160,[...] ,[...] ,[...] 
Берестяная грамота 868,-[а]ча[т]а,XIIc. 2 h.,1150,1140,1160,[...] ,[...] ,[...] 
Берестяная грамота 869,… селища · а…,XIIc. 1 h.,1130,1120,1140,[...] ,[...] ,[...] 
Берестяная грамота 870,пъкланѧние отъ вьсѣхъ лѹдье къ петръви и къ ѧкъшѣ се есме слꙑ[шали о]же грамът[ѣ] …,XIIc. 1 h.,1130,1120,1140," Поклон от всех людей Петру и Якше. Вот мы слышали, что грамоты … ",[...] ,[...] 
Берестяная грамота 872,[+] ѿ ж[ѧбьнѧ]нъ къ кнѧзѹ и къ петръкѹ ѧко то есмꙑ вꙑдали мѣзо… …,XIIc. 2 h.,1150,1140,1160," От жабнян к князю и к Петроку. Поскольку мы выдали Мезо… {(вероятно, человека по имени Мѣзоша).} ",[...] ,[...] 
Берестяная грамота 873,… нꙑнѣ …,XIIc. 2 h.,1150,1140,1160,[...] ,[...] ,[...] 
Берестяная грамота 874,…  … : [ѹ] --д[ие] : …  …[е :] а то в[а]… …,XIIc. 1 h.,1130,1120,1140,[...] ,[...] ,[...] 
Берестяная грамота 875,…ша р[ъ]щинъ перьдъ къ…,XIIc. 1 h.,1130,1120,1140,[...] ,[...] ,[...] 
Берестяная грамота 876,…-[ьз]-м[ь л]ѹ[ди а изъ ѧ]жь[л]ъби(ць),XIIc. 1 h.,1130,1120,1140, … люди. А из Яжелбиц … ,[...] ,[...] 
Берестяная грамота 877/572,(ѿ) ----- (къ) [пет]ръкѹ велѣлъ ми еси ѹ розвадицѧ възѧ[ти гр](ивьнѹ) ---(-) (с)ѧ запирае  -- [ѧ съ] тобою кѹплъ дѣѧлъ то дикати людъе а за ними скотъ а ѧ къ людъмъ хо[д]илъ  а лю[дъе] ----- (не въд)[адѧ] а славънъ не ходи ротѣ ни ----------- [ес]и вел[ѣл](ъ) [въда](ти) (въ)[зъм]и грамо(тѹ) … (…),XIIc. 1 h.,1130,1120,1140," От … к Петроку. Ты мне велел взять у Розвадича гривну, [но] он запирается, [говоря]: «[Разве] я (или: [Не] я) совершал с тобой торговые операции! Это [делали] полудикие (= кочевые?) люди, за ними [и] деньги». А я к людям ходил, а люди [денег не] дают. А в Славне (?) не приносит роты ни[кто (?). А что касается того, что] ты велел дать … {После разрыва:} … возьми грамоту (или: грамоты) … ",[...] ,[...] 
Берестяная грамота 878,…  а ѧ ж(е о)[б]а[г]орю ва[съ] а за полѹ[д]а  … …и[л]и ѥсте …,XIIc. 1 h.,1110,1100,1120,[...] ,[...] ,[...] 
Берестяная грамота 879,ѿ жирѧть покланѧние ко радѧть водаи семꙋ еже  рькло вьрьшцю тꙋ,XIIc. 1 h.,1130,1120,1140," Поклон от Жиряты Радяте. Выдай подателю сего то, что он скажет ({букв.:} что он сказал), — то зернецо. ",[...] ," From Žirjata, a bow to Radjata. Give this (man) what he has said—that grain "
Берестяная грамота 88,…[з]- (къ) [ив]анъкѹ и къ петри[лѣ] (с)е сьдѣ лони есмь на…  …ш[ѧго]…  ѹчькли петръ…  … [та]мо а ив(анъкѹ по)[вѣ]ж[ь т]ак[о] …  …ѣ е[с]мь бꙑ[л](ъ) …,XIIc. 1 h.,1130,1120,1140," (От … к) Иванку и к Петриле. Вот, здесь, в прошлом году, я …. вычли ({возможно,} у Петрока). … там. А Иванку скажи так …. … я был …. ",[...] ,[...] 
Берестяная грамота 880,…--о-[е с]ѧ…  …о не въда[д]ѧ …,XIIc. 1 h.,1130,1120,1140,[...] ,[...] ,[...] 
Берестяная грамота 881,…ъ валътꙑрѹ бого сѧ боѧ идѹ …  …и по[щ]епав[ш]и грамотѹ …,XIIc. 1 h.,1130,1120,1140,[...] ,[...] ," '(…) And, after tearing up the letter (…) "
Берестяная грамота 882,на соли резана : на рꙑбахъ резана : на копѹ съ :д: векъше на ро,XIIc. 2 h.,1150,1140,1160," За соль резана. За рыб резана. На выплату ({очевидно,} наемному работнику) примерно четыре векши. ",[...] ,[...] 
Берестяная грамота 883,… (гри)вну а рад…  гривн…,XIIc. 2 h.,1150,1140,1160,[...] ,[...] ,[...] 
Берестяная грамота 884,азъ же ги҃ [к]…,XIIc. 2 h.,1150,1140,1160,[...] ,[...] ,[...] 
Берестяная грамота 885,отъ имоволожѧнъ и отъ жѧблѧнъ къ петру и къ ѧкъшѣ шьли мꙑ на мълевъ а и[ва]не [къ] намъ не [съ]…,XIIc. 2 h.,1150,1140,1160," От имоволожан и жаблян к Петру и Якше. Мы пошли на Млёв, а Иван к нам не … ",[...] ,[...] 
Берестяная грамота 886,… (пере)д[ъ] к[ъ]нѧз[ьмь] о[б]а[в](и)[в]… …  ни без васъ али мѧ имѣе[т]…,XIIc. 1 h.,1110,1100,1120, … перед князем объявив … без вас. Если же вы меня держите за … (или: Если же он меня держит за …). ,[...] ,[...] 
Берестяная грамота 887,… (помоз)и раб(о)[у] свое(мѹ) …  … [р](а)[б]ѹ с(воемѹ) …,XIIc. 2 h.,1150,1140,1160,[...] ,[...] ,[...] 
Берестяная грамота 888,… (до)[бр]ѣ сът[в]ори [и] кл(а)нѧю ти с(ѧ) -------- ---[ѧ]-еме бѹдише же…,XIIc. 2 h.,1150,1140,1160,[...] ,[...] ,[...] 
Берестяная грамота 889,(…) (ѿ д)ъбрилѣ · къ п[ь]трѹ [· бг](а) дѣлѧ …,XIIc. 1 h.,1130,1120,1140," От Добрилы к Петру. Бога ради, … ",[...] ,[...] 
Берестяная грамота 89,Симан,XIc. 2 h.,1087,1075,1100,[...] ,[...] ,[...] 
Берестяная грамота 890,…  [вьв]ериц-- ----[бе] лони а того не берьгѹ [а] …  ка со дрѹжиною алѧ [ѧ]ковѹ повели ати прие[м]… …,XIIc. 2 h.,1150,1140,1160," … деньги тебе (?) в прошлом году, а они этим пренебрегают. Так [пошли же (?)] …ка ({возможно,} Петрока) с дружиной или же прикажи Якову, чтобы арестовал (?) … ",[...] ,[...] 
Берестяная грамота 891,ѿ петра къ вълъдѣнѹ  кетъ ти бъръже поидеть въ гъръдъ к(ъ) тъмѹ же пристави къне,XIIc. 1 h.,1130,1120,1140," От Петра к Володену. Кто раньше всех поедет в город, тому придай коня (т. е. с тем отправь в город коня). ",[...] ,[...] 
Берестяная грамота 892,грамота : отъ дьмъкꙑ къ ньжѧть …  есмь : въклъчилъ : въ подъв…  ногатъ : по толику и от…  просѧть : а отъ покровь[ц](ь) …  рьзан : съдоровъ,XIIc. 1 h.,1130,1120,1140," Грамота от Демки к Нежате. … я вложил в подволоки (?) [по стольку-то] ногат. По такой цене и от[дай, если] спросят. А от покровцев … [на столько-то] резан. [У меня] все в порядке. ",[...] ,[...] 
Берестяная грамота 893,…[е :] (п)[ьшьниць :в: осмине и] …  самь абьно же : промꙑшлаѧ : въ домѹ : рано : въстани : а поздо л[ѧги : а] ѧзо [ти : есм](ь) …  … [ти : б]ѹ[д]ѹть : и чьревие : и въхо : ачи ти не бѹдьть : солили : сѹщ[а] -(---) [п]рисовесть : [съпꙑ](та)…  …[б]е [д]ь[л]ѧ : али ти : [не д]ьлаета : а наеми : въ нѧ : наимито :,XIIc. 1 h.,1130,1120,1140," {Строка 1:} … пшеницы две осмины … {Строка 2:} … [делай] сам. Если же ведаешь домом, то рано встань, а поздно ляг. А я … {Строка 3:} … [рыбу солите как] есть — и потроха, и всё. Если же [окажется, что] вы не солили суща, [а где] случаем сведаете — испробовав, [купите] … {Строка 4:} … ради; если же они (родители) [уже] не могут трудиться, то найми для них работника. ",[...] ,[...] 
Берестяная грамота 894,… тетꙑнѣ по…,XIIc. 1 h.,1130,1120,1140,[...] ,[...] ,[...] 
Берестяная грамота 895,…[исѧ] · а оп…,XIIc. 1 h.,1130,1120,1140,[...] ,[...] ,[...] 
Берестяная грамота 896,…еши кнѧзю  … а ѧзъ ти …,XIIc. 1 h.,1130,1120,1140,[...] ,[...] ,[...] 
Берестяная грамота 897,…  на нь на ивана а и вꙑвѣдаи(…) …  [д]а[с]т[ь з]а (-)-----ѹ молѧсѧ (…),XIIc. 1 h.,1130,1120,1140," … на него, Ивана. Выведай же … даст за [такого-то], молясь (или: прося) (или: … даст, за [такого-то] молясь) … ",[...] ,[...] 
Берестяная грамота 899,…тръкѹ : ижь то ход…,XIIc. 1 h.,1130,1120,1140," От такого-то к Петроку. Тот, кто ходил … ",[...] ,[...] 
Берестяная грамота 90,(ѹ) …снѧ дъв[ѣ] … …ши пол[ъ] … …нь на хар[ъ](тиѧхъ) …,XIc. 2 h.,1062,1050,1075,[...] ,[...] ,[...] 
Берестяная грамота 900,отъ гъбъницъ къ старостѣ прадаи хотъжъръ не можемъ его тищат(и) …  -[в]ъ се[л]ѣ гривън- -та… (…),XIIc. 1 h.,1130,1120,1140, От гобничей (или: гибничей) к старосте. Наложи штраф на Хотьжера: не можем его терпеть …; {после лакуны:} … в селе гривна … , From Gobnichi (or: Gibnichi) to the village elder. [They] laid a fine on Khot'zhir: we can now (do something) with him… … a grivna in the village … ,[...] 
Берестяная грамота 901,…же ти избѹдѹ сего : ис[к]…  (мь)[зд]а ти ѡтъ ба҃ бѹ[д]ет[ь] …,XIIc. 1 h.,1110,1100,1120," … если избавлюсь от этого …, мзда тебе будет от Бога … ",[...] ,[...] 
Берестяная грамота 902,ѿ домагости къ хотѣнѹ ѣзьскѣ  роздрѹбили полъ пѧта десѧте гривьнъ  да ѧзъ ти тѹ сѣжѹ а вълъчинѹ си посъли мѹжь инъ :,XIIc. 1 h.,1110,1100,1120," От Домагостя к Хотену. В Езьске разверстали сорок пять гривен. Да я вот сижу тут, а в Волчино-то пошли другого человека. "," From Domogost' to Khoten. In Ez'sk 45 grivnas were divide out. And [so] I sit here. Therefore, send another person (collector) in Volchino.” "," From Domagost' to Xoten. At Ezesk they have assigned (me) forty-five grivnas (to collect), and I'm going to remain here. Send another man to Volčino. "
Берестяная грамота 903,…[ѹ] --(-)[ѣ]ж[ъ] :  иван : въда тдо(р)-…,XIc. 2 h.,1087,1075,1100, … скажи Ивану: дал Тудо[р] … (или: дай Тудо[ру]) ,[...] ,[...] 
Берестяная грамота 904,ѿ тюткꙑ къ нѣжѧтѣ д[а]------ (-) …тинѹ :ꙅ: гривьнъ : а тꙑ д---- (-) …роценови,XIIc. 1 h.,1110,1100,1120, От Тютки к Нежате. Дай Коснятину шесть гривен. {Вторая часть:} А ты дай [столько-то] Дрочену. ," From Tiutka to Nazhana. I give (or gave) Kosniatin 6 grivnas, and you give (some amount) to Drochen (?) ",[...] 
Берестяная грамота 905,ѹ рьтъкѣ : грин : ѹ хвалиса грин ⁞ ѹ тѣшадѣ  ·е·,XIc. 2 h.,1087,1075,1100, У Ретки гривна. У Хвалиса гривна. У Тешаты 5 [гривен]. , Redka owes a grivna; Khvalis (owes) a grivna; Teshata (owes) 5 [grivnas]. ,[...] 
Берестяная грамота 906,ха҃ : бц҃ѣ : петра и пл҃а  козмадьмьѧна : оч҃а  васильѧ : и бориса и глѣба и свѣхъ ст҃хъ,XIc. 2 h.,1087,1075,1100,[...] ,[...] ,[...] 
Берестяная грамота 907,грамота ѿ тѹка : къ гюрѧтѣ : крали ти братъни холопи а ѹ брата  а нънѣ ти сѧ съмълъвивъ съ близокъ : вътъкале въ [т]ѹ татъбѹ въ  тоѣ мѣсто татъбѣ  а ѹ него ти крадено атъ ти възѧлъ ѹ иванъкова съмъръда :г҃ гривнъ : а татъбѹ кънѧжѹ  потаилъ  а ѹ него ти к,XIIc. 1 h.,1110,1100,1120," Грамота от Тука к Гюряте. Крали-то братнины холопы, [крали] у брата. А теперь он (хозяин дома), сговорившись с родственниками, свалил [всё] на эту кражу, вместо [того, чтобы объявить] о той краже. А у него (в его ведомстве) действительно украдено, ан ведь он взял (за свое молчание) у Иванкова смерда три гривны, а кражу княжеского имущества скрыл. "," Message from Tuk to Giuriata. It's the peasants (kholopy) of the brother who stole, [stole] from the brother. And now he (the owner of the house), having conspired with the neighbors, blamed it all on this theft, instead [of declaring about] that (other) theft. And he, indeed, had [the knowledge of] the theft, since he took (for his silence) from Ivanko's peasant (smerd) three grivnas, and he concealed the theft of the prince's items. "," [Outer side] A letter from Tuk to Gjurjata. The brother's serfs have stolen, (they have stolen) from his brother. And now he (the landlord) has plotted with the relatives; he has shifted (everything) on this theft, instead of (telling about) that theft. And from him (in his district) there has been stolen indeed, but in fact he has taken from Ivanko's peasant three grivnas and has concealed the theft of the princely property. [Inner side] And from him […] "
Берестяная грамота 908,о дьнь :д҃: посдави,XIc. 2 h.,1087,1075,1100, За день четыре постава (сукна и т. п.) {или:} В течение дня четыре блюда. ,[...] ,[...] 
Берестяная грамота 909,…[т]ѣнови оже ми еси при… …вѫ ·д҃· гривьнꙑ то вꙑме… [гри]вьнѹ да даи т[врд]ѧтѣ  …и не [д]ъ… (…),XIc. 2 h.,1087,1075,1100,[...] ,[...] ,[...] 
Берестяная грамота 910,мьдвьнаго :е҃: соръчьць  и :г҃: ѧрци :е: съ кно,XIc. 2 h.,1087,1075,1100," Медового — 5 сорочков и 3 годовалых бобра; 5 {(не указано, каких единиц)} [сбора] с денег. ", Mead tribute – 5 sorochoks and 3 one-year-old beavers; 5 (of such-and-such and such-and-such quantities) from the money. ,[...] 
Берестяная грамота 911,по[к](ланѧние ѿ) …  … да иди сам[ъ въ] со[р](окѣ) …  … (съ же)нам[и] и съ дѣтьми и до …  … …ѣта[ю] ни м-…  … …-и р[о]т-…,XIc. 2 h.,1087,1075,1100, Поклон от … Да иди сам [с гарнизоном] в сорок [человек] с женами и с детьми до … ,[...] ,[...] 
Берестяная грамота 912,грамота ѿ [л]юдьславъ хотѣнѹ  присъли ми вѣверичѣ : оже  ти свѣнѧ не пѹстѧ : а присъли,XIc. 2 h.,1062,1050,1075," Грамота от Людьслава к Хотену. Пришли мне деньги. Даже если не пошлешь Свеня, всё равно пришли. "," Message from Liudislav to Khoten. Send me money. Even if you do not dispatch Sven, send [it] anyway. "," A letter from Ljud'slav to Xoten. Send me the money. Even if (it is) without letting Sven' go, send (it). "
Берестяная грамота 913,на ржьство бц҃ѣ : на възвиженье крс҃та : лѹкꙑ дьмитрью : кѹзмꙑ дьмьѧ : михаила и гаври : филипа врръварѣ : на  рожьство хв҃о : на обрѣзанье  на крщ҃нье,XIc. 2 h.,1062,1050,1075,[...] ,[...] ,[...] 
Берестяная грамота 914,ха҃ : бц҃и : николꙑ : м[р]… : климта : възнесениѧ : дъмитр…  волоса : петр… павла : всх҃ъ ст҃ꙑх : маръѳ[ꙑ],XIc. 2 h.,1062,1050,1075,[...] ,[...] ,[...] 
Берестяная грамота 915,ѿ : ро:жнѣ:та : къ : къ:снѧ:ти:нѹ : вь:зѧлъ е:си : ѹ : о:тро:{к}ка : мо:е:го : кꙑ:е:вѣ  гри:вь:нѹ : се:ре:бра : при:съ:ли : кѹ:нꙑ  о:же : ли : не : при:съ:ле:ши то : ти : въ : по:лꙑ,XIc. 2 h.,1062,1050,1075," От Рожнета к Коснятину. Ты взял в Киеве у моего отрока гривну серебра. Пришли деньги. Если же не пришлешь, то [это станет займом] в половину (т. е. под 50% роста). "," From Rozhnet to Kosniatin. In Kiev, you borrowed a grivna of silver from my subordinate (otrok). Send the money. If you do not, then [this will become a loan] “in half.” ",[...] 
Берестяная грамота 915-И,а варвара (вверху)  [з] (внизу)  а ис҃ хс҃,XIc. 1 h.,1037,1025,1050,[...] ,[...] ," 'the holy Barbara', 'the holy Jesus Christ' "
Берестяная грамота 934,:+: ѿ дъмашеке къ братиле иди ѡко стоѧ во гъродъ вꙑправиле ти есмѣ сꙑно  съ гавошею,XIIc. 2 h.,1150,1140,1160, От Домашки к Братиле. Иди немедленно в город: я выручил твоего ({букв.:} тебе) сына с Гавшей. ,[...] ,[...] 
Берестяная грамота 940,отъ сьдеслав… …  …[в]и[л]и …,XIIc. 2 h.,1150,1140,1160,[...] ,[...] ,[...] 
Берестяная грамота 941,[цьша]ко[ръ]…,XIIc. 2 h.,1150,1140,1160,[...] ,[...] ,[...] 
Берестяная грамота 944,… [п]ро{о} живото а то бг҃ови и тобь на руци и про села а про села сама веси а на то  бо҃го,XIIc. 2 h.,1150,1140,1160," … (А) про имущество, так это на руки (т. е. в распоряжение и ответственность) Богу и тебе, [то же] и про села. А про села ты сама знаешь. А на то [свидетель] Бог. ",[...] ,[...] 
Берестяная грамота 947,… бранѣ възь[ми]  … (п)олъ гривьнѣ гюрѣти… (н)е въда · да пристави отрокъ,XIIc. 2 h.,1150,1140,1160," От X-а к Бране (или …бране). Возьми у Y-а полгривны Гюряты (или Гюрятинича), а если [Y] не даст, пошли [к нему] отрока. ",[...] ,[...] 
Берестяная грамота 950,…[ц]ѹ въдалъ бꙑ кънѧзѹ  …[ити а] поп[ъ] ти [сѧ м]о[л]и[л]ъ  … а сеньникъ продаи а чьто ти на немь  …[с]ано а оно ѧзъ в[ꙑ]правлѹ емѹ и не ве(--)  … (ѧ)[зъ] т[и] сѧ пок[ла]н[ѧю по] сторовѹ ва есмꙑ (…),XIIc. 1 h.,1110,1100,1120," {Отрезок …[ц]ѹ — возможно, конец наименования адресата; это могло быть, в частности, къ отьцѹ. Далее сказано:} Дал бы (ты [?]) князю …. {После разрыва:} А поп-то молился… {(ти — усилительная частица) или} А поп тебя просил… {(ти — тебе). На обороте:} … сенник продай. А что (или: а что тебе) на нем (или: за ним; или: за него) … , то я ему выправлю … {После разрыва:} А я тебе кланяюсь. Мы у вас {(двойств. число, dativus ethicus)} благополучны (т. е. у нас все в порядке). {Если последняя фраза имела продолжение, то она могла значить, например,} Мы у вас благополучно дошли или Мы вам благополучно товар доставили и т. п. ",[...] ,[...] 
Берестяная грамота 951,…[ок]азаль плѹто[ре],XIIc. 1 h.,1130,1120,1140,[...] ,[...] ,[...] 
Берестяная грамота 954,грамота · ѿ жирочька и ѿ тѣшька  къ вьдъвинѹ · млви шильцеви · цемѹ пошибаеши свиньѣ цюжѣ · а пь  и села нъдрька · а еси посоромилъ коньць въхъ людинь · со оного полѹ  грамата · про къни же та бꙑс оже еси тако сътворилъ ·,XIIc. 1 h.,1130,1120,1140, Грамота от Жирочка и от Тешка к Вдовину. Скажи Шильцу: «Зачем ты портишь чужих свиней? А писал(а) [это] из села Ноздрька. Ты осрамил весь Людин конец: с того берега грамота. Она была про коней — что ты с ними то же сотворил» ,[...] ," A letter from Žiročko and from Teško to Vdovin. Say to Šil'ce: “Why are you damaging other people's pigs? Nozdr'ka has made (this) known. And you have disgraced the entire Ljudin End. (There has been) a letter from the other side (of the river). It was about horses, that you have done the same (with them).” "
Берестяная грамота 955,Ѿ милѹшѣ къ  марьнѣ коси вѣликее пъехати бъ еи за сновида  Маренко  пеи пизда  и сѣкꙑле  Рѣкла ти  такъ милѹшѧ  въдаи :в҃: гривене вецѣрашенеи,XIIc. 2 h.,1150,1140,1160, {Основная часть:} От Милуши к Марене. Большой Косе — пойти бы ей замуж за Сновида. Маренка! Пусть же напьется (набухнет) рождающее лоно! {Дополнительная часть:} Говорит тебе Милуша: дай две гривны вчерашние. ,[...] ," [Upper part] From Miluša to Marena. Big Braid, may she (or: let her) marry Snovid. [Lower left] Marenka, let the vagina drink and the clitoris. [Lower right] Thus spoke Miluša: Give yesterday's 2 grivnas. "
Берестяная грамота 956,ото [ми]ха[лѧ ко] … (вѣве)рицѧми въземо ѳ҃ г[ри]в[ь]н…,XIIc. 2 h.,1150,1140,1160," От Михаля к [Х-у. У Y‑a] деньгами взяв 9 гривен, [сделай то-то] ",[...] ,[...] 
Берестяная грамота 957,воибѹдино лѹкъньчо иже е уклъдеть да проклѧтъ бѹдеѹть а шьвъко ѱлъ,XIIc. 1 h.,1110,1100,1120," Войбудино луконце (= лукошко). Кто его украл или украдет, да проклят будет или будут. А писал Шевко. ",[...] ,[...] 
Берестяная грамота 958,… [е҃ г]ри(в) (на) …хъ на вълищевѣ грив · г҃ · грив  и пол ·и҃· кѹн на дѫецинѣ грив и пол · в҃ · грив,XIc. 2 h.,1087,1075,1100, … Пять гривен на …ах. На Влищеве гривна [и] три гривны и семь с половиной кун. На Дуйцине гривна и полторы гривны. ,[...] ,[...] 
Берестяная грамота 959,ѿ станигости къ олѹчи то ти (еси пор)ѹб[л](ъ)  ѹ мене кобꙑлѹ а ѧзъ не в[и](новат)[ъ] въ (то)мъ а тобѣ съказъвалъ (про ста)до ж[и]рънѣжъко а продаи на ·[г](· гривън)ꙑ,XIc. 2 h.,1087,1075,1100, От Станигостя к Олуче. Вот ты конфисковал у меня кобылу. А я в этом [деле] не виноват. А тебе доносил про табун Жирнежко — так оштрафуй [его] на три гривны. ,[...] ,[...] 
Берестяная грамота 997,(ѿ н)[ѣ]го[жир]а къ тѣшенѹ моѧ же-[ебе]цѧ не виновата никомѹж  да продале есем[ъ] лѹкѣ  [да] - - - - (въз)ем[и] ꙋ [тѣ]шена гриве[н]ѹ [ж](и)[зн]омирѹ тѣшенѹ ꙋ ра- - - - - - - [тѣ]шенѹ [в҃] : кѹн[ѣ],XIIc. 2 h.,1150,1140,1160," {лицевая сторона:} От Негожира к Тешену. Мои два жеребца свободны от всякого долга ({то есть} я за них никому ничего не остался должен). А продал я {(подразумевается:} их) Луке {оборот:} Да возьми у Тешена гривну Жизномиру, для Тешена у Ра… 2 куны. ",[...] , [Front] [From] Negožir to Тešen. My two stallions are free of debt. And I sold (them) to Luka. [Back] And […] take from Тešen the grivna for Žiznomir. For Тešen from Ra[…] For Тešen 2 kunas. 
Берестяная грамота 999,ѿ лѹкѣ ко отьцеви вꙑсꙑпли вьрьшь ѹ тѹдора а в҃ : гривьнѣ въдаи ꙗкъшѣ ѹ тѹдоровѣи  [:в҃ : г]р[ив]нѣ [възьми]  а повели оти прода лѧшьке въ роспѹтье тѹдорове лѧшьке  новотъръжьскꙑхъ и жита и ръжи и:҃ї: котьлъ великꙑхъ а пшеницѣ гї҃  котьлѣ мѣри же право ли ти есть и цѣлѹю тѧ а наимитѹ въда[но]  - ҃- - - -[то] - - - - - - - - - - -[ѹ ]в҃ : ногатѣ,XIIc. 2 h.,1150,1140,1160," От Луки к отцу. Ссыпь зерно у Тудора (т. е. на его усадьбе), а две гривны отдай Якше — возьми две гривны у Тудоровой жены (или вдовы). Да прикажи, чтобы Ляшко продал в распутицу, Тудоров Ляшко. Новоторжских жита и ржи 18 больших котлов, а пшеницы 13 котлов. Измерь же, правильно ли [всё]. И приветствую тебя. А работнику дано … [столько-то и такому-то] 2 ногаты. ",[...] ,[...] 
Берестяная грамота Звен. 1,(…)  …ънъ а мъне не [н]адобе сем[о] ч… (…),XIIc. 1 h.,1130,1120,1140, … а мне не нужно сюда … {(может быть: что-либо присылать)}. ,[...] ,[...] 
Берестяная грамота Звен. 2,+ ѿ говѣновое : ко нѣжьньцю дае :ꙅ҃: десѧ  кѹно лодиенѹю повѣдало говѣно ида на сѹдо а попъ ѱ҃лъ : а дае лѹцѣ оли нь водаси то ѧ ꙋ  конѧзѧ поема отроко прижь приедю  а во боле ти вонидь :,XIIc. 1 h.,1130,1120,1140," От Говеновой [вдовы] к Неженцу. Дай шестьдесят кун ладейных (т. е. за ладью или на ладью). [Так] сказал Говен перед смертью ({букв.:} идя на суд), а поп записывал. Дай [их] Луке. Если же не дашь, то я возьму у князя отрока и вместе [с ним] приеду — это тебе станет в бо́льшую сумму. "," From Goven's [widow] to Nezhnych. Give 60 kunas for the boat (transport?). [Thus], said Goven before he died and the priest wrote it down. Give [them] to Luka. If you do not give [them], then I will get a court official (otrok) from the prince and come [myself to get them] – you will have more to loose [if you do not give them]. "," + From Goven's (widow) to Neženec. Give 60 boat-kunas (i.e., 60 kunas for the boat). Goven said (this), going to Judgment, and the priest wrote (it) down. And give (it) to Luka. If you don't give (it), then I will come, taking an official (constable) from the prince with me; and it will go into more (expense) for you "
Берестяная грамота Звен. 3,а,XIIc. 1 h.,1130,1120,1140,[...] ,[...] ,[...] 
Берестяная грамота Смол. 12,(ѿ) [и]вана ко рѹсиле вꙑправи ми дъбр…  ---ю ѧрине въземи ѹ кънъзюѧ грв҃нѹ ѹ неж[ѧ]…  ал[и] ти не въдасть а въземи (в)ъ треть а ѧ ти…  …кь да же ти ми бѹдете дъбр[о] (а) присълѹ ти …  оже хъчеши пъ -ъне а присъли -----[е] челъв[е](к)…  чи ти поченете (ч)етъ лести(ти) …  а не мъзи четъ (м)ълъвити,XIIc. 2 h.,1150,1140,1160," От Ивана к Русиле. Исполни ({или:} добудь) мне, пожалуйста (?), … Возьми гривну у Конозюя Нежатича ({или:} Нежатина брата, Нежатина внука {и т. п.}). Если же он не даст, то займи в треть. А я (?) [нахожусь (?) в] …ске. Если у меня [всё] будет хорошо, то я пришлю тебе [весть (?)]. Если хочешь вслед за мной ({или:} Если хочешь по-моему), то пришли [ко мн]е человека … {Приписка на обороте, по-видимому, предназначена уже не для Русилы, а для посланца, который был отправлен к Русиле с этой грамотой:} Если же он (Русила) начнет как-либо хитрить (?) …, то не вздумай ({букв.:} не моги) ничего сказать. "," From Ivan to Rusil. Obtain for me [some] fine … Take a grivna from Konoziui [the son of] Nezhata (or: from Nezhatin's brother, grandson, etc.). If he does not give, then take it in “a third” (i.e., borrow it in a “third”), and take … If [everything] will be alright with me, then I will send to you … If you want …, then send a man … And if he (it is not clear who) begins to collude (?) …, then do not even think of saying anything. ",[...] 
Берестяная грамота Смол. 13,…  …ин[ъ п]ро…  …[ъ] собѣ вѣ…  … крилъ ес…,XIIc. 2 h.,1150,1140,1160, 'себе' … 'я (или: ты) купил'… ,[...] ,[...] 
Берестяная грамота Смол. 14,…ѫ лечи порꙋчи(‐)  …[в]ъ · а посъли къ ѧ…,XIIc. 2 h.,1150,1140,1160, поручи встать на ночлег (?)… а пошли к Я… ,[...] ,[...] 
Берестяная грамота Смол. 15,(…)  васидъпизд[ъ]… …,XIIc. 2 h.,1150,1140,1160,[...] ,[...] ,[...] 
Берестяная грамота Ст. Р. 12,…ю а [б]ерита а кето ва не во[д]…  весте а ѧ солю ѧбетенике : а сол…  и лонескѹю и нꙑнешенюю не ле[ж]…  емоше жено : а ѹ прихожано б[е]…  че иже то ти розрѹбиле ·,XIIc. 2 h.,1150,1140,1160," …а вы (двое) берите; а если кто вам не даст, [вы мне подавайте] весть, и я шлю судебных исполнителей. …и прошлогоднюю и нынешнюю; не оставайтесь (?)… а у пришлых людей… {(далее, может быть, стояло бери} пусть берет); …который разверстал. "," … and you (two) take; and if someone does not give to you, [you send me] news [of it] and I will send the court officials (iabetniki)… and last year's and this year's, … And from the people who have arrived … … that [tribute-taxes] has been imposed. ",[...] 
Берестяная грамота Ст. Р. 13,ѹ ньжатъкиньӏ :г: кнь : ѹ …  ѹ стрѣина :в: кнь : ѹ …,XIc. 2 h.,1087,1075,1100,[...] , Nezhatka's wife owes 3 kn' (kunas). (Such-and-such) owes (such-and-such amount). Strein owes 2 kn' (kunas). (Such-and-such) owes (such-and-such amount)… ,[...] 
Берестяная грамота Ст. Р. 15,(ѿ) петра къ василеви въдаи :ꙅ: кѹнъ и гривьнѹ вꙑшѧтѣ  али ти не дасть а пристави на нь отро(к)ъ,XIIc. 2 h.,1150,1140,1160," От Петра к Василю. Дай шесть кун и гривну Вышате. {Дальнейшее обращено уже к Вышате:} Если же он (Василь) не даст, то пошли на него отрока. "," From Petr to Vasilii. Give 6 kunas and a grivna to Vyshata. If he does not let you go (or: If he does not return), then send the court official (otrok) after him. "," From Petr to Vasil'. Give 6 kunas and a grivna to Vyšata. If he doesn't give (them), then send a court official after him. "
Берестяная грамота Ст. Р. 16,ѫ кюрила ногата · [ѫ] олекшѣ кна : ѫ кѹзьмѣ ·[г](· к)ѹнѣ  ѫ нѣжебѹдица · ѫ [дъ]митра ѫ до(ро)[г]онѣжица ·в(· но)[г]атѣ  ѫ тоць-овица ·в(· ног)атѣ : ѫ жизнобѹда ·ꙅ къ[р]---- ѫ дан[ӏ]-- к)ѹнѣ … …,XIIc. 2 h.,1150,1140,1160," {Имена должников:} Кюрил, Олекша, Кузьма Нежебудич, Дмитр Дорогонежич, Точкович (?) {(он назван только по отчеству)}, Жизнобуд, Данила (?). ", Kiril owes a nogata. Oleksha owes a kuna. Kuz'ma Nezhebudich owes 3 kunas. Dmitrii Dorogonezhich owes 2 nogatas. Tochkovich (?) owes 2 nogatas. Zhiznobud owes 6 (korchaga?). Danil (?) owes (some amount of) kunas … ,[...] 
Берестяная грамота Ст. Р. 18,…  …[л]ав[и]ца г· рѣзанѣ : ѫ ж(и)[р]…  … рѣзана : ѫ храпа р(ѣ)[з]ана,XIIc. 2 h.,1150,1140,1160," {Имена должников:} …славич, Жирослав ({или} Жирята {и т. п.}) и Храп. ", …(such-and-such) [owes] 3 rezanas. (Such-and-such) owes a rezana. Khrap owes a rezana. ,[...] 
Берестяная грамота Ст. Р. 19,ѹ мила гривена : ѹ михалѧ гривен[а] : ѹ ильикѣ д{в}овѣ грѣвенѣ ѹ коснилѣ  довѣ : ѹ к[л]опѹшѣ довѣ грѣвенѣ : ѹ [ѧр]инѣ гривена : ѹ пѹтилѣ гривена  (ѹ) ------ (гр)ивена : ѹ снови-ѣ гривена : ѹ нѣговита поло (гривенѣ),XIIc. 2 h.,1150,1140,1160," {Имена должников:} Мил, Михаль, Илейка, Коснила, Клопуша, Ярина, Путила, Сновида (?), Неговит. ", Mil owes a grivna. Mikhal' owes a grivna. Ileika owes 2 grivnas. Kosnila owes 2 (grivnas). Klopusha owes 2 grivnas. Iarina owes a grivna. Putila owes a grivna. (Such-and-such owes a) grivna. Snovid (?) owes a grivna. Negovit owes half (grivna). ,[...] 
Берестяная грамота Ст. Р. 20,+ ѹ малѧтѣ ·в҃· бьрковьска · ѹ лъбꙑнѣ (бьр)ковьске · ѹ въ-орѣ ·г҃· бьрковьск- (·) ѹ къргь  бьрковьске · ѹ домажира бьрков(ьске · о)у жасъка б(ьрковь)ске : ѹ мал---- (б)ьрковьске  ѹ рꙑка бьрковьске · ѹ страхот[ѣ] ------ е҃ бьрков(ьскъ · о)[у] промꙑсла [бь]рковьске :  ѹ не[б]ерешѣ бьрко[в](ь)ске ѹ це…  …  …ъногѣ ·в҃· ногатѣ,XIIc. 2 h.,1150,1140,1160," {По-видимому, перед нами запись солеторговца о том, сколько берковцев соли ему должны поставить различные лица (Руса была одним из важнейших центров солеварения). Их имена:} Малята, Лбына, Втора (Взора?), Корга, Домажир, Жаско, Мал…, Рык, Страхота, Промысл, Небереша, Че… ", Maliata owes 2 berkovets. Lbynia owes a berkovets. Vtora (Vzora?) owes 3 berkovets. Korga owes a berkovets. Domazhir owes a berkovets. Zhasko owes a berkovets. (Such-and-such) owes a berkovets. Ryk owes a berkovets. Strakhota owes 5 berkovets. Promysl owes a berkovets. Neberesha (Neperesha?) owes a berkovets. (Such-and-such) owes (such-and-such amount)… … (Such-and-such owes) 2 nogatas. ,[...] 
Берестяная грамота Ст. Р. 21,ѹ орьшинее поло пѧть рѣзане : ѹ боришьковее :в҃: ногать : ѹ короцьковеи  :в҃: ногать : ѹ гюрегевее :з҃: рьзано : ѹ тьшье :в҃: ногать : ѹ неделеке  безѹбаѧ :в҃: ногать :  ѹ милокѣ ѧкиме : пло пѧтѣ,XIIc. 2 h.,1150,1140,1160," {В основной части списка фигурируют только женщины:} жена Орьши, жена Боришка, жена Корчка, жена Гюргия, жена Теха (возможно, ей же принадлежит имя Неделька) и женщина по прозвищу Беззубая. {Конец основной записи допускает две интерпретации: а)} у Теховой жены Недельки [долгу] 2 ногаты, Беззубая ó 2 ногаты {(со сменой конструкции при обозначении последней должницы} б) у Теховой жены [долгу] 2 ногаты, у Недельки Беззубая [имеет получить, держит в качестве долга] 2 ногаты {(т. е. в отличие от остальных должниц, которые, по-видимому, должны автору записки, Неделька должна некоей Беззубой).} {Дополнительная запись:} У Милки Яким четыре с половиной (денежная единица не названа) — может быть интерпретирована, если не предполагать ошибок или пропусков, только по модели ""б"". "," Or'sha's wife owes 4½ rezanas. Borishko's wife owes 2 nogatas. Korchka's wife owes 2 nogatas. Giurgii's wife owes 7 rezanas. Tekh's wife, Nedel'ka, owes 2 nogatas. Bezzubaia (“Toothless”) [owes] 2 nogatas (or: Tekh's wife owes 2 nogatas. Nedel'ka owes Bezzubaia (“Toothless”) 2 nogatas). | Iakim owes (?) Milka 4½ (of some units). ",[...] 
Берестяная грамота Ст. Р. 23,(…)  … (гри)вна [и ӏ] кѹ·но · о[у т]…  …дк-·о·ро·мѧ·вь… (…),XIIc. 2 h.,1150,1140,1160,[...] , … grivna (?) and 10 kunas. (Such-and-such) owes (such-and such amount) (?)… ,[...] 
Берестяная грамота Ст. Р. 33,зелени добре,XIIc. 2 h.,1150,1140,1160, Всходы хороши. ,[...] ,[...] 
Берестяная грамота Ст. Р. 34,(…) (ѫ) [и]грь[ц]а полъ (к)ꙋнѣ : ѫ годꙑге ·г· кꙋне [:] (…),XIIc. 2 h.,1150,1140,1160,[...] ,[...] ,[...] 
Берестяная грамота Ст. Р. 35,ѿ радослава ко хотеславѹ възми ѹ прасъла :в҃: гривене и :е҃: кѹно  ѧкове брате еби лежѧ ебехото аесово,XIIc. 2 h.,1150,1140,1160," От Радослава к Хотеславу. Возьми у прасола (торговца) 2 гривны и 5 кун. Брат Яков, не оригинальничай (веди себя как все). {К этому Хотеслав присовокупил два замысловатых эпитета для Радослава-Якова: ебехота похотливый и менее ясное аѥсова — по-видимому, сложное слово из аѥ яйцо и совати.} ",[...] ," From Radoslav to Xoteslav. Collect from the merchant 2 grivnas and 5 kunas. Brother Jakov, do your screwing lying down, you horny ballser! "
Берестяная грамота Ст. Р. 36,ѹ : пе:ре:нѣ:га :ꙅ҃: кн҃ъ : ѹ : съ:бꙑ:сла:ва :ꙅ҃: кн҃ъ : ѹ : бра:то:нѣ:га :г҃: кн҃ѣ  ѹ : плѣ:ше:вѣе :в҃: кн҃ѣ : ѹ : сто:и:нѣ:га :в҃: кнѣ : ѹ : за:ви:жѣ:е :г҃: кнѣ : ѹ  рь:мье : кна : ѹ : сѹ:шка :в҃: кн҃ѣ : ѹ : ѧ:кшѣ :в҃: кнѣ : ѹ : жѧ:дѣ:на :г҃: рзнѣ  ѹ : пѹ:ти:лѣ : ѹ : носо:ви:чѧ :г҃: кнѣ : ѹ : пѹ:ти:лѣ : кн҃а : ѹ : не:бе:ре:ши:нѣ:е :г҃: кнѣ  ѹ : ма:лѧ:тѣ :в҃: кнѣ : ѹ съ:да:на :г҃: кн҃ѣ : ѹ : но:са:тъ:кѣ :в҃: кнѣ : ѹ сестра:тѣ : кн҃а,XIIc. 2 h.,1150,1140,1160," [{Имена должников:} Перенег, Сбыслав, Братонег, жена Плеша, Стойнег, жена Завида, Ремья, Сушко, Якша, Жаден, Путила Носович, другой Путила, жена Небереши, Малята, Сдан, Носатка, Сестрата] ",[...] ,[...] 
Берестяная грамота Ст. Р. 5,「ѿ」 ꙋ микꙋле ·е· къ кꙋне · ꙋ стежира ·е· къ кꙋне · ꙋ городила ·е· къ кꙋне · ꙋ пꙋтѧтѣ 「десѧть къ кꙋне」  полъ пѧте 「ꙋ лъбыне ·е」 · ꙋ прибꙑле ·е· къ кꙋне  ꙋ стороньке ·е· къ кꙋне ·  ꙋ петра ·е· 「г」 къ кꙋне ·,XIIc. 2 h.,1150,1140,1160,[...] , Mikula owes 5k” kuna. Stezhir owes 5k” kuna. Gorodil owes 5k” kuna. Putiata owes ten kunas 4½. Lbyna owes 5. Pribyla owes 5k” kuna. Storon'ka owes 5k” kuna. Petr owes 5k” kuna. ,[...] 
Берестяная грамота Ст. Р. 6,ѿ дѣдилѣ къ дьмьѧну не с[ъ]ль отрока еду саме  и :в҃: гривьнѣ везу,XIIc. 2 h.,1150,1140,1160, От Дедилы к Демьяну. Не посылай (или: Он не шлет) отрока: еду сам и две гривны везу. , From Dedila to Dem'ian. Don't send (or: he does not send) the court official (otrok). I am coming myself and [will] bring 2 grivnas. ,[...] 
Берестяная грамота Ст. Р. 7,ѿ солмира къ нѣжькѹ мълъви отрокѹ своемѹ ати  но [ходи]ть … (…),XIIc. 2 h.,1150,1140,1160," От Сольмира к Нежку. Скажи отроку своему, чтобы ходил … "," From Sol'mir to Nezhko. Tell your court official (otrok), that he go … (or: if he went …). ",[...] 
Берестяная грамота Ст. Р. 8,(…)  …з-ке под[ь]лина [г]вѣздъкѣ великѣѣ жьлътое : оже же еси продала то въдаи семѹ дѣтьскамѹ  ---------------- [не] пр[одал]а то ѹрѣ…,XIIc. 2 h.,1150,1140,1160," … {[нечто из одежды]} …, подкладка с узором из крупных звезд, желтое. Если же ты продала, то отдай этому детскому {[такую-то сумму]}, а если не продала, то … ({возможно:} отрежь …). "," … [something about clothes] …, lining with a pattern of large stars, yellow. If you have already sold, then give this court official (detskii) [such-and-such amount], and if you have not sold, then (possibly, cut …). ",[...] 
Берестяная грамота Ст. Р. 9,… събислава в…  рекоше : ѹ пѹт[ѧ](тѣ) …,XIIc. 2 h.,1150,1140,1160,[...] ,[...] ,[...] 
Берестяная грамота Торж. 1,н о п р,XIc. 2 h.,1087,1075,1100,[...] ,[...] ,[...] 
Свинцовая грамота 1,ѿ носъка къ мѣстѧтѣ заожеричъ  отрокъ лони крили  сѹжъдалъцъ ходѹтиничъ възъми дъвѣ гривънѣ на намъ,XIIc. 1 h.,1110,1100,1120, От Носка к Местяте. Заозерского отрока в прошлом году купили. Суздалец Ходутинич пусть возьмет две гривны на [свою] долю. ,[...] ,[...] 
